,train_acc,train_auc,train_ppl_score,train_ppl_diff,test_acc,test_auc,test_ppl_score,test_ppl_diff,token
0,0.5092592592592593,0.5387517146776406,-0.01258968869181603,-0.6419839859008789,0.6458333333333334,0.657986111111111,0.3500311413480482,20.235595226287842,Ċ
1,0.5185185185185185,0.5339506172839505,-0.01204567598594106,-0.6235985579314018,0.625,0.6527777777777778,0.3282314852741227,19.697085777918502,An
2,0.5185185185185185,0.5366941015089164,-0.0017759019576115305,-0.0867907912642778,0.6458333333333334,0.6510416666666666,0.336784103217252,19.276811997095734,alyze
3,0.5185185185185185,0.5401234567901234,0.004592373584205964,0.20985730489094578,0.6458333333333334,0.654513888888889,0.35311920736017277,18.962636788686112,Ġthe
4,0.5092592592592593,0.5466392318244169,0.03355433683689425,1.4579118446067554,0.6458333333333334,0.6666666666666666,0.40313260846500965,20.57516121864319,Ġscene
5,0.5092592592592593,0.5459533607681756,0.033610464019066304,1.4797022430985152,0.6458333333333334,0.65625,0.38615433427490614,20.084881941477462,Ġdescription
6,0.5370370370370371,0.54320987654321,0.024901966559460774,1.0943767759535064,0.625,0.6545138888888888,0.3784126765322475,19.591504653294876,Ġprovided
7,0.5370370370370371,0.5425240054869684,0.026307542169203797,1.1164866906625264,0.625,0.65625,0.38513216327879873,19.22493187586467,Ġand
8,0.5370370370370371,0.5452674897119341,0.03465584675808891,1.3812321203726299,0.625,0.6597222222222222,0.40100477851085475,18.888009707132966,Ġidentify
9,0.5370370370370371,0.546639231824417,0.041968712255305775,1.5670346860532476,0.6458333333333334,0.6649305555555556,0.4166193552138612,18.468872467676803,Ġthe
10,0.5185185185185185,0.5318930041152263,0.005410218389357706,0.21821626027424657,0.6458333333333334,0.6510416666666666,0.3845737061106237,18.210786978403718,Ġspeaker
11,0.5185185185185185,0.5329218106995885,0.011146475015715397,0.4220444008156079,0.6458333333333334,0.6562499999999999,0.39827043211442614,17.786779562632248,'s
12,0.5277777777777778,0.5356652949245542,0.015181775088431992,0.5832498338487397,0.6041666666666666,0.654513888888889,0.414291833740672,18.61779808998108,Ġfocus
13,0.5185185185185185,0.5353223593964336,0.015410557625416686,0.6277200910780039,0.6458333333333334,0.6527777777777778,0.41086505196741024,19.41215292612712,Ġby
14,0.5185185185185185,0.5312071330589849,0.009677564256256061,0.40779869644730127,0.6458333333333334,0.6493055555555556,0.4036910288392875,19.622106711069748,Ġfollowing
15,0.5185185185185185,0.5353223593964335,0.01660541898201253,0.665796350549769,0.6458333333333334,0.654513888888889,0.4174399184518614,19.38692808151245,Ġthese
16,0.5185185185185185,0.537037037037037,0.02192477676579871,0.829164399041062,0.6458333333333334,0.654513888888889,0.43099994317517687,18.94625425338745,Ġsteps
17,0.5185185185185185,0.5360082304526749,0.0261771216944206,0.976751256872106,0.6458333333333334,0.654513888888889,0.4364659589347883,18.94712241490683,:
18,0.5185185185185185,0.5349794238683128,0.02410957829725394,0.8857311319421797,0.6458333333333334,0.654513888888889,0.4392149484058244,18.777275641759246,Ġ
19,0.5277777777777778,0.5360082304526749,0.029530406106642683,1.025395393371582,0.6458333333333334,0.657986111111111,0.4512741170815067,18.30660653114319,1
20,0.5277777777777778,0.537037037037037,0.03615820420936392,1.1912928687201685,0.6458333333333334,0.6579861111111112,0.46390270944656736,17.921554485956833,)
21,0.5370370370370371,0.5387517146776406,0.041186391488365566,1.2899164976897026,0.6458333333333334,0.6597222222222222,0.47500467655988965,17.501142501831055,ĠIdentify
22,0.5370370370370371,0.5414951989026063,0.04679860716873445,1.388292877762403,0.6458333333333334,0.6649305555555555,0.4872416050702165,17.058515548706062,Ġthe
23,0.5370370370370371,0.5411522633744856,0.04848023752358104,1.4076444837782205,0.6458333333333334,0.6614583333333334,0.49394666628272477,16.77331646283468,Ġkey
24,0.5370370370370371,0.5401234567901234,0.05421051448747039,1.4962970239144795,0.6458333333333334,0.6597222222222222,0.5059942610298134,16.370284080505364,Ġelements
25,0.5370370370370371,0.5421810699588477,0.05970423785211112,1.6253329383002395,0.6458333333333334,0.6597222222222222,0.5048563684772794,16.220345894495644,Ġpresent
26,0.5092592592592593,0.541838134430727,0.06522698921969537,1.6874208803530095,0.6458333333333334,0.6614583333333334,0.5163403164152794,15.808478116989129,Ġin
27,0.5092592592592593,0.5435528120713307,0.07086323687869224,1.7432411335132727,0.6458333333333334,0.6649305555555556,0.5276749533250173,15.405493338902794,Ġthe
28,0.5185185185185185,0.5462962962962963,0.07780455884244143,1.8228100670708542,0.6458333333333334,0.6666666666666666,0.5402218066588645,15.06552187601725,Ġscene
29,0.5370370370370371,0.5497256515775035,0.08272205001216389,1.8615494127626775,0.6458333333333334,0.6649305555555555,0.5484012832718846,14.731720765431724,","
30,0.5092592592592593,0.5452674897119341,0.06885567758386273,1.5848953105785242,0.6458333333333334,0.6666666666666666,0.5387206761181098,14.657871007919319,Ġsuch
31,0.5092592592592593,0.5452674897119342,0.07430411913091926,1.6307003233167805,0.6458333333333334,0.6649305555555555,0.549377813137061,14.2894295056661,Ġas
32,0.5555555555555556,0.5480109739368999,0.08039455851377363,1.6905224058363189,0.6458333333333334,0.6666666666666666,0.5607137856765402,13.987541675567627,Ġcharacters
33,0.5555555555555556,0.5476680384087791,0.08593785570381535,1.7257029568707551,0.6458333333333334,0.6666666666666666,0.5710178077938737,13.638082345326737,","
34,0.5555555555555556,0.5493827160493827,0.0912813937610549,1.764155387878418,0.6458333333333334,0.6684027777777778,0.5849438509918652,13.494314034779869,Ġobjects
35,0.5555555555555556,0.5469821673525378,0.09686601005230623,1.7903449093853965,0.6458333333333334,0.6701388888888888,0.5949226701868193,13.159135341644287,","
36,0.5555555555555556,0.5469821673525377,0.1028031368230936,1.8454210140086929,0.6458333333333334,0.6701388888888888,0.6012530473906946,12.925532579421997,Ġactions
37,0.5555555555555556,0.5462962962962963,0.1084028975720067,1.8634445402357258,0.6458333333333334,0.671875,0.6108771178470359,12.607934633890792,","
38,0.5555555555555556,0.5486968449931413,0.11321992681713493,1.8669153496071118,0.6458333333333334,0.6822916666666666,0.6195049500291333,12.291657845179238,Ġand
39,0.5555555555555556,0.5497256515775033,0.11962746681004295,1.8981709303679324,0.625,0.6805555555555556,0.6288132679145256,12.033417701721191,Ġsettings
40,0.5555555555555556,0.5507544581618655,0.12423902116304406,1.897557823746297,0.625,0.6840277777777778,0.6368469049366926,11.758009672164917,.
41,0.5555555555555556,0.5507544581618656,0.1296741891706995,1.9031215243869397,0.625,0.685763888888889,0.6448985812535818,11.471362113952637,Ġ
42,0.5370370370370371,0.551440329218107,0.13520986946909322,1.9073553085327148,0.625,0.685763888888889,0.6534758261683771,11.198649724324547,2
43,0.5555555555555556,0.5517832647462277,0.14093905701635615,1.9115614361233213,0.625,0.689236111111111,0.661871822144848,10.93350021044413,)
44,0.5555555555555556,0.5514403292181069,0.14632676546777362,1.911878338566531,0.625,0.6944444444444444,0.6698724513312015,10.687723954518631,ĠDetermine
45,0.5462962962962963,0.5528120713305898,0.15439718746200154,2.011959464461718,0.6041666666666666,0.6944444444444444,0.6842137348196805,10.92948659261068,Ġwhich
46,0.5555555555555556,0.5524691358024691,0.16010071018054595,2.011640478063512,0.5833333333333334,0.6979166666666667,0.692361363963455,10.694813013076782,Ġelements
47,0.5648148148148148,0.5548696844993142,0.1748118301620732,2.1301755551938655,0.625,0.6961805555555556,0.7057123422439596,10.579308271408081,Ġare
48,0.5648148148148148,0.5579561042524006,0.18528803056272206,2.2036841003983128,0.625,0.703125,0.7164065578759737,10.496604839960739,Ġmost
49,0.5555555555555556,0.5593278463648834,0.19180540103269966,2.2045656486793845,0.6458333333333334,0.703125,0.7239913652967293,10.27572695414225,Ġprominent
50,0.5555555555555556,0.5617283950617283,0.19895040109663384,2.2280619585955534,0.6458333333333334,0.704861111111111,0.7324618502769491,10.142910559972123,Ġor
51,0.5555555555555556,0.5617283950617284,0.2015804685296329,2.2855655528880945,0.6458333333333334,0.7065972222222222,0.7315428702460516,10.221057176589966,Ġtake
52,0.5555555555555556,0.5634430727023321,0.2086528924632231,2.288078166820384,0.6458333333333334,0.7083333333333334,0.7394133767962364,10.006959040959678,Ġcenter
53,0.5555555555555556,0.5637860082304527,0.2146268356352941,2.2744845284356003,0.6458333333333334,0.7118055555555555,0.7462591517086135,9.783058802286789,Ġstage
54,0.5555555555555556,0.565843621399177,0.2222651556676997,2.311961527223943,0.6458333333333334,0.7135416666666666,0.7514946452445505,9.66213528315226,.
55,0.5555555555555556,0.5655006858710564,0.22834476612182336,2.298354855290171,0.6458333333333334,0.717013888888889,0.7575737570638482,9.4483338991801,Ġ
56,0.5277777777777778,0.5696159122085048,0.23431198213882606,2.282789760165741,0.6458333333333334,0.7204861111111112,0.7637871168864779,9.241428216298424,3
57,0.5277777777777778,0.5709876543209877,0.2402523816121559,2.266869085806384,0.6458333333333334,0.7274305555555555,0.7697793817041423,9.040836095809937,)
58,0.5277777777777778,0.5737311385459534,0.2501653068848603,2.33413872895418,0.6458333333333334,0.7274305555555555,0.7810540496398644,9.082027673721313,ĠConsider
59,0.5277777777777778,0.573045267489712,0.2490119269062109,2.304014735751686,0.6458333333333334,0.7256944444444445,0.7799962007253053,9.006875673929855,Ġhow
60,0.5277777777777778,0.5754458161865569,0.25919376306913633,2.3731418185763857,0.6666666666666666,0.7274305555555555,0.7904006572066095,9.001407146453857,Ġthese
61,0.5277777777777778,0.5751028806584363,0.26467943192227883,2.351894449304652,0.6666666666666666,0.7309027777777778,0.7956117340072171,8.81031266848246,Ġelements
62,0.5277777777777778,0.5744170096021948,0.26894640627665667,2.335995073671697,0.6666666666666666,0.7309027777777778,0.8000625348729411,8.666207234064736,Ġinteract
63,0.5277777777777778,0.5740740740740741,0.2750864524329368,2.322385187502263,0.6666666666666666,0.7274305555555555,0.8055580601360123,8.498192548751831,Ġwith
64,0.5370370370370371,0.5764746227709191,0.28080420892302543,2.3033479407981616,0.6666666666666666,0.7239583333333333,0.8102532975414639,8.322035153706864,Ġeach
65,0.5370370370370371,0.576474622770919,0.2865377975145441,2.2844882188019966,0.6666666666666666,0.7309027777777777,0.8147777508521825,8.150822003682453,Ġother
66,0.5370370370370371,0.5795610425240054,0.29192694852467804,2.2675707428543603,0.6666666666666666,0.732638888888889,0.8182983503876562,7.990496953328449,Ġand
67,0.5370370370370371,0.5802469135802469,0.2948316775223385,2.250415166219071,0.6666666666666666,0.732638888888889,0.819311630227735,7.863826751708988,Ġthe
68,0.5277777777777778,0.5805898491083676,0.30650331193794544,2.317733022901745,0.6666666666666666,0.7378472222222222,0.8314850806013481,7.884180784225464,Ġoverall
69,0.5277777777777778,0.5809327846364882,0.31238652143037693,2.3228597640991175,0.6666666666666666,0.736111111111111,0.837283782703866,7.823664029439289,Ġatmosphere
70,0.5277777777777778,0.5823045267489713,0.31663904732860987,2.3018587606924577,0.6666666666666666,0.7413194444444444,0.8394846320334689,7.681055227915447,Ġof
71,0.5277777777777778,0.582647462277092,0.32216721547264426,2.282084182456689,0.6875,0.7413194444444445,0.8428918333975447,7.529359896977741,Ġthe
72,0.5277777777777778,0.582647462277092,0.32757407343274003,2.2621944921988018,0.6875,0.7413194444444444,0.8460286773294172,7.3816903432210275,Ġscene
73,0.5185185185185185,0.5843621399176955,0.3320289386004846,2.2461883050424056,0.6875,0.7413194444444444,0.8466590384466905,7.244157950083412,.
74,0.5277777777777778,0.5833333333333334,0.33955470871418786,2.2480079156381088,0.6875,0.7395833333333334,0.8471819041597782,7.109804789225258,Ġ
75,0.5277777777777778,0.5836762688614541,0.3448022291262896,2.2284637027316627,0.6875,0.7413194444444445,0.8496679880066276,6.973478476206459,4
76,0.5277777777777778,0.5857338820301784,0.3499561247972971,2.2090465757581903,0.6875,0.7395833333333333,0.8519478262913742,6.841039260228477,)
77,0.5277777777777778,0.5881344307270233,0.35448287652314986,2.2732678872567647,0.6875,0.7447916666666666,0.857534018062745,6.966684977213543,ĠThink
78,0.5277777777777778,0.588477366255144,0.3596036486778384,2.2529817510534187,0.7083333333333334,0.7413194444444444,0.8597730737386033,6.8356898625691755,Ġabout
79,0.5277777777777778,0.5919067215363512,0.3650497990301737,2.255649319401492,0.7083333333333334,0.7430555555555555,0.8643526754931794,6.776319821675621,Ġwhat
80,0.5277777777777778,0.5877914951989027,0.35664367022029303,2.2166500091552734,0.7083333333333334,0.7413194444444444,0.859443937107187,6.783114512761433,Ġaspects
81,0.5277777777777778,0.5891632373113855,0.3617284603686662,2.1986295912000884,0.7083333333333334,0.7413194444444444,0.8615356882555606,6.659820000330608,Ġof
82,0.5277777777777778,0.5925925925925926,0.36661960890421996,2.17938232421875,0.7083333333333334,0.7430555555555556,0.8633472348148639,6.5375250180562325,Ġthe
83,0.5277777777777778,0.5925925925925927,0.3714229780709821,2.1604631565235266,0.7083333333333334,0.7447916666666665,0.8649492495855499,6.41898210843404,Ġscene
84,0.5277777777777778,0.5925925925925927,0.3755416155619735,2.1586683767813213,0.7083333333333334,0.7430555555555556,0.8676181952770602,6.359567085901897,Ġare
85,0.5277777777777778,0.5963648834019205,0.38194476516311826,2.186643918355305,0.7083333333333334,0.7430555555555556,0.8708660584513039,6.363942623138428,Ġhighlighted
86,0.5277777777777778,0.5970507544581618,0.38733066379855097,2.200505009403937,0.7083333333333334,0.7430555555555556,0.8748155383109893,6.342563390731808,Ġand
87,0.5370370370370371,0.5977366255144033,0.3903485033050925,2.185519571657533,0.7083333333333334,0.7447916666666666,0.8756344753138263,6.259864091873169,Ġwhich
88,0.5370370370370371,0.5963648834019204,0.39495882733756443,2.1670854356553804,0.7083333333333334,0.7430555555555556,0.8766680237239919,6.150763988494873,Ġare
89,0.5370370370370371,0.5987654320987655,0.3970147348469482,2.1896756490071603,0.7083333333333334,0.7465277777777778,0.882855510634562,6.226059357325234,Ġrelegated
90,0.5555555555555556,0.6001371742112483,0.40148198913260374,2.1704157370108135,0.7083333333333334,0.7430555555555555,0.8837231539409173,6.11684497197469,Ġto
91,0.5555555555555556,0.5991083676268861,0.4058625926242891,2.1516958519264477,0.7083333333333334,0.7447916666666666,0.8844197104466203,6.011132796605427,Ġthe
92,0.5555555555555556,0.5980795610425241,0.41006429519503346,2.1328698617440693,0.7083333333333334,0.75,0.8848584495264622,5.9073263009389265,Ġbackground
93,0.5555555555555556,0.598079561042524,0.41233519014131426,2.11502234141032,0.7083333333333334,0.748263888888889,0.8838068176952768,5.820214668909706,.
94,0.5648148148148148,0.5984224965706446,0.42017137228046303,2.127255528061479,0.7083333333333334,0.7482638888888888,0.883897889127988,5.75192403793335,Ġ
95,0.5648148148148148,0.5984224965706446,0.42405836045736844,2.108390896408647,0.7083333333333334,0.7447916666666666,0.8839714573503021,5.655001322428383,5
96,0.5555555555555556,0.5987654320987654,0.4279167987434903,2.0900859302944603,0.7083333333333334,0.7447916666666666,0.8837862116003025,5.559904177983601,)
97,0.5740740740740741,0.6001371742112482,0.43165595322494477,2.0853836801317023,0.7083333333333334,0.7430555555555556,0.8842749396993456,5.50560434659322,ĠBased
98,0.5740740740740741,0.6008230452674898,0.4353189326812868,2.067349221971302,0.7083333333333334,0.7430555555555556,0.8838018397843755,5.414136330286663,Ġon
99,0.5833333333333334,0.6015089163237312,0.44124745796452064,2.084100617302788,0.7083333333333334,0.7413194444444444,0.8867759374937926,5.3976662158966064,Ġyour
100,0.5648148148148148,0.6021947873799726,0.4449612153391101,2.067941771613228,0.7083333333333334,0.7395833333333333,0.8862166868020422,5.311803897221882,Ġanalysis
101,0.5740740740740741,0.6025377229080934,0.4483131729823735,2.0501353122569874,0.7083333333333334,0.7413194444444444,0.8852968732339201,5.225221157073975,","
102,0.5740740740740741,0.6025377229080933,0.44908454140744547,2.0405543998435682,0.7083333333333334,0.7395833333333333,0.8855078776274511,5.188845713933308,Ġdetermine
103,0.5925925925925926,0.6021947873799727,0.4502832186185811,2.0256028705173037,0.7083333333333334,0.7430555555555555,0.8855547424800578,5.133332808812458,Ġwhat
104,0.5740740740740741,0.6032235939643348,0.4502548898631795,2.0334702597724075,0.7083333333333334,0.7395833333333333,0.8845082355273365,5.1393609046936035,Ġaspect
105,0.5925925925925926,0.6011659807956103,0.4534813144251625,2.0173506913361727,0.7083333333333334,0.7413194444444444,0.8835159553016746,5.059756120045979,Ġof
106,0.5925925925925926,0.6021947873799727,0.4565049119076095,2.0002189918800646,0.7083333333333334,0.7430555555555556,0.882212413421999,4.979363441467285,Ġthe
107,0.5925925925925926,0.6015089163237312,0.46010555231930256,1.986832424446387,0.7083333333333334,0.7447916666666666,0.8807413513139675,4.9021315574646,Ġscene
108,0.5740740740740741,0.6011659807956105,0.46381241415745633,1.9765013942012075,0.7083333333333334,0.7447916666666666,0.8801555746438522,4.8370936711629255,Ġthe
109,0.5555555555555556,0.6004801097393689,0.46651255822539145,1.959982448154026,0.7083333333333334,0.7482638888888888,0.8784323171509654,4.761769374211632,Ġspeaker
110,0.5648148148148148,0.6001371742112483,0.469624640901374,1.9595190684000627,0.7083333333333334,0.7500000000000001,0.8788641403670552,4.721753040949501,Ġseems
111,0.5555555555555556,0.6008230452674898,0.47368546567260406,1.951677446012141,0.7083333333333334,0.748263888888889,0.8776302619308649,4.657732248306274,Ġto
112,0.5740740740740741,0.6008230452674898,0.47621722781863113,1.9360917409261056,0.7083333333333334,0.7465277777777779,0.875653710218511,4.587171316146851,Ġbe
113,0.5833333333333334,0.6042524005486968,0.483798544760842,1.974365234375,0.7083333333333334,0.7465277777777779,0.8836953546418653,4.6257851123809814,Ġemphasizing
114,0.5740740740740741,0.6039094650205762,0.48286878456557447,1.9644926035845742,0.7083333333333334,0.7465277777777779,0.8823687315708943,4.604131619135536,","
115,0.5648148148148148,0.6049382716049382,0.48747388563124,1.9868364863925514,0.7291666666666666,0.7500000000000001,0.8876940908177092,4.625083923339844,Ġsuch
116,0.5555555555555556,0.6066529492455418,0.48986615770823,1.9703033765157052,0.7083333333333334,0.7465277777777779,0.8856450651451866,4.555482467015583,Ġas
117,0.5462962962962963,0.607681755829904,0.49409778035603014,1.9699167852048518,0.7083333333333334,0.7465277777777779,0.8856064526158274,4.521269241968788,Ġthe
118,0.5555555555555556,0.6186556927297667,0.5326574385371199,2.114254827852605,0.7083333333333334,0.75,0.8905051010250465,4.602466980616253,Ġchaos
119,0.5740740740740741,0.6165980795610425,0.5326211242613723,2.1274906970836476,0.7083333333333334,0.75,0.9009830902549565,4.690018018086754,Ġcaused
120,0.5925925925925926,0.6176268861454047,0.5349249377296724,2.1091261616459605,0.7083333333333334,0.75,0.8989073862247435,4.621215979258221,Ġby
121,0.5925925925925926,0.6172839506172839,0.537478368331118,2.092771689097084,0.7083333333333334,0.7482638888888888,0.8969959545925732,4.555570602416992,Ġthe
122,0.5648148148148148,0.6330589849108368,0.6164569236237465,2.4304353572704187,0.7083333333333334,0.7586805555555555,0.9216055495834623,4.817227363586426,Ġstool
123,0.5370370370370371,0.6320301783264747,0.6149980113054115,2.4312796592712402,0.7291666666666666,0.7638888888888888,0.9313879218267178,4.871652046839397,Ġand
124,0.5555555555555556,0.6474622770919067,0.6688489616587149,2.6313828715571645,0.7083333333333334,0.7760416666666666,0.9833786927748569,5.209419647852581,Ġcookies
125,0.5555555555555556,0.6467764060356653,0.671303348368307,2.6093951154638226,0.7083333333333334,0.7760416666666667,0.9808537165549414,5.136216402053833,","
126,0.5740740740740741,0.6474622770919067,0.6745259231936181,2.590386231740318,0.7083333333333334,0.7760416666666667,0.9798633566642777,5.071147203445435,Ġthe
127,0.5925925925925926,0.6556927297668038,0.6962320312717004,2.6483894277501996,0.7291666666666666,0.7760416666666666,0.9982962715473832,5.202440182367958,Ġmother
128,0.5925925925925926,0.6543209876543209,0.6979659285134691,2.6225450657032177,0.7291666666666666,0.7743055555555556,0.9963685574618448,5.1314498583475725,'s
129,0.5648148148148148,0.6611796982167353,0.7116466346570579,2.681428167555069,0.7291666666666666,0.7777777777777778,1.001439715627447,5.2364524602890015,Ġwork
130,0.5555555555555556,0.6594650205761317,0.7162971971396167,2.7306997687728334,0.7291666666666666,0.7760416666666666,1.0102618474165748,5.305556933085125,Ġat
131,0.5740740740740741,0.6611796982167353,0.7187304505248973,2.7077280150519485,0.75,0.7777777777777777,1.0082296095021865,5.232106765111286,Ġthe
132,0.5740740740740741,0.6646090534979424,0.7342186085355354,2.737796006379302,0.7291666666666666,0.7777777777777777,1.0145646702933737,5.210832715034485,Ġsink
133,0.5555555555555556,0.6649519890260631,0.7358224167074184,2.7109995418124733,0.7291666666666666,0.7777777777777777,1.0121913164276473,5.137828787167866,","
134,0.5555555555555556,0.6659807956104252,0.7376194539721791,2.686199718051487,0.7291666666666666,0.7760416666666665,1.009669766764192,5.0680153767267875,Ġor
135,0.5833333333333334,0.6646090534979424,0.7390117050143061,2.6610719362894706,0.7291666666666666,0.7725694444444444,1.0071993352776618,4.999777237574261,Ġthe
136,0.5648148148148148,0.6748971193415638,0.7687789031035329,2.840431337003352,0.7291666666666666,0.7812500000000001,1.0257629986814312,5.229200839996338,Ġoutdoor
137,0.5925925925925926,0.6793552812071331,0.7744976473024059,2.849436000541406,0.75,0.7795138888888888,1.0245146096901077,5.203989028930664,Ġenvironment
138,0.5740740740740741,0.6800411522633745,0.7840402562579605,2.908694284933585,0.75,0.7777777777777777,1.0366681269118079,5.331094463666279,Ġbeyond
139,0.5740740740740741,0.6793552812071332,0.7860388418363939,2.882371425628662,0.7708333333333334,0.7777777777777777,1.0347791579885246,5.261039853096008,Ġthe
140,0.5833333333333334,0.6796982167352539,0.7917263866880175,2.883032745785183,0.7291666666666666,0.7760416666666666,1.032119668325464,5.198291341463726,Ġwindow
141,0.5833333333333334,0.6790123456790124,0.7886720688838937,2.849335599828649,0.7291666666666666,0.7725694444444444,1.0283834813679094,5.139599998792015,.
142,0.5462962962962963,0.6721536351165982,0.7693681783028821,2.880869741793031,0.75,0.78125,1.036438898262554,5.324581146240234,ĠWrite
143,0.5555555555555556,0.673525377229081,0.7716258579289388,2.855024849926984,0.75,0.7760416666666667,1.0344522080742653,5.253640731175739,Ġa
144,0.5462962962962963,0.6721536351165981,0.7676549042884924,2.855698885741056,0.75,0.7795138888888888,1.0444554611585188,5.296187162399292,Ġclear
145,0.5740740740740741,0.6704389574759945,0.7628038621310835,2.8705661208541287,0.75,0.7847222222222222,1.048276081093897,5.370674053827923,Ġconclusion
146,0.5740740740740741,0.6707818930041153,0.7597978788789379,2.8707466302094637,0.75,0.7847222222222222,1.0501004010354764,5.392999251683552,Ġexplaining
147,0.5648148148148148,0.6704389574759945,0.7634863049859277,2.8613623336509413,0.75,0.7864583333333334,1.0509431701886698,5.350150744120281,Ġyour
148,0.5833333333333334,0.6711248285322359,0.7595067378976693,2.883651945326065,0.75,0.7847222222222222,1.0528281217542848,5.4130002657572405,Ġdetermination
149,0.5833333333333334,0.671124828532236,0.7605561412086828,2.867320043069345,0.75,0.7847222222222222,1.052412186266256,5.3712685108184814,Ġof
150,0.5740740740740741,0.6711248285322359,0.7629682017731002,2.840277177316171,0.75,0.7864583333333334,1.0507671836358763,5.299563328425091,Ġthe
151,0.5740740740740741,0.6707818930041153,0.7652064294387941,2.8134803771972656,0.75,0.7847222222222223,1.0490130175032246,5.229099194208782,Ġspeaker
152,0.5462962962962963,0.6704389574759945,0.7673098272431825,2.7870900189435055,0.75,0.7829861111111112,1.0471632297605493,5.159948507944744,'s
153,0.5740740740740741,0.6718106995884774,0.7692877764011276,2.7611188535337092,0.75,0.7795138888888888,1.0452151838844714,5.092119614283245,Ġfocus
154,0.5462962962962963,0.6683813443072703,0.7595039665891785,2.7401606595074703,0.75,0.7829861111111112,1.0449101217634842,5.09959077835083,","
155,0.5462962962962963,0.6694101508916325,0.7602471295202108,2.7371339621367277,0.75,0.7847222222222223,1.0455557952981094,5.088159799575806,Ġsupported
156,0.5740740740740741,0.6683813443072703,0.7622500952959953,2.7120351261562767,0.75,0.78125,1.0436548289798027,5.021978219350181,Ġby
157,0.5740740740740741,0.6683813443072703,0.7633143397038684,2.7040810055202904,0.75,0.78125,1.0433446212463258,4.994529883066814,Ġyour
158,0.5740740740740741,0.6676954732510288,0.7553359667716779,2.714486404701514,0.75,0.7864583333333334,1.0465450003653187,5.063718318939209,Ġreasoning
159,0.5740740740740741,0.6680384087791497,0.7578395125465162,2.7087539037068673,0.75,0.7847222222222223,1.046674180781923,5.036478916803997,Ġfrom
160,0.5462962962962963,0.668724279835391,0.7598164249943415,2.690323441116899,0.75,0.7847222222222223,1.0453273979017084,4.9835638999938965,Ġsteps
161,0.5740740740740741,0.6683813443072703,0.7617218289717531,2.6660293473137777,0.75,0.7777777777777778,1.0433845360219334,4.919785499572754,Ġ
162,0.5555555555555556,0.6707818930041153,0.7635089162483731,2.6421274432429556,0.75,0.7760416666666666,1.0413417861982601,4.857074101765953,1
163,0.5555555555555556,0.6707818930041153,0.7652159180421662,2.6187937701189945,0.75,0.7743055555555556,1.0392350405239796,4.795961538950603,-
164,0.5555555555555556,0.6721536351165981,0.7668077855114734,2.6061678109345614,0.75,0.7743055555555556,1.0387865629034012,4.75656326611837,4
165,0.5555555555555556,0.6718106995884774,0.7668882048331068,2.583665141352899,0.75,0.7743055555555556,1.0370025737700233,4.707351247469585,.
166,0.5555555555555556,0.6704389574759946,0.7683854304673938,2.5622864829169387,0.75,0.7743055555555555,1.0348786379339827,4.650276581446327,<|eot_id|>
167,0.5740740740740741,0.6718106995884774,0.7696771864506784,2.5398975125065526,0.75,0.7743055555555556,1.032490467404476,4.592593789100647,<|start_header_id|>
168,0.5740740740740741,0.6724965706447188,0.770861917410872,2.517837983590585,0.7291666666666666,0.7708333333333334,1.0300277069031227,4.535940686861675,assistant
169,0.5555555555555556,0.6714677640603567,0.7719416097010346,2.4961004080595792,0.7083333333333334,0.7690972222222222,1.0274934196017378,4.480292042096455,<|end_header_id|>
170,0.5555555555555556,0.671124828532236,0.7729180739858347,2.4746780748720525,0.7083333333333334,0.765625,1.0248901528021603,4.425627191861473,ĊĊ
171,0.5833333333333334,0.6755829903978052,0.7852997035507051,2.5135291947258835,0.7083333333333334,0.7690972222222222,1.031647782393996,4.466274778048195,**
172,0.5740740740740741,0.6772976680384089,0.7919961846814779,2.5118871794806594,0.7083333333333334,0.7690972222222222,1.0370623580389398,4.452711184819542,Key
173,0.5648148148148148,0.6796982167352538,0.7930631303874909,2.4938935350488727,0.7083333333333334,0.7708333333333333,1.0347307065342513,4.4067123730977364,Ġelements
174,0.5648148148148148,0.6807270233196159,0.7940842553095593,2.4754571738066495,0.7083333333333334,0.7638888888888888,1.0317107021639946,4.356798132260639,Ġpresent
175,0.5740740740740741,0.6814128943758574,0.7948378161012644,2.4546999224910024,0.7083333333333334,0.7586805555555555,1.028985676281297,4.304964701334637,Ġin
176,0.5925925925925926,0.6824417009602194,0.7954582661710815,2.43404718681618,0.6875,0.7552083333333334,1.0262009647046002,4.253836353619892,Ġthe
177,0.5925925925925926,0.6800411522633745,0.7959847039925294,2.4136877059936523,0.6875,0.7569444444444444,1.0233597790690825,4.203584551811218,Ġscene
178,0.5925925925925926,0.680727023319616,0.7964503010216942,2.3937395766929335,0.6875,0.7552083333333334,1.020486781844219,4.15433629353841,:
179,0.5925925925925926,0.6800411522633746,0.7967988525985565,2.373963373678702,0.6875,0.7534722222222223,1.0175423394763088,4.10580078760783,**ĊĊ
180,0.5925925925925926,0.6796982167352538,0.7972638657902517,2.3554045535899952,0.6875,0.7552083333333334,1.0145462569921333,4.058925191561382,*
181,0.5833333333333334,0.680727023319616,0.7997704595475408,2.3425247227704062,0.6875,0.7569444444444445,1.0120615741557468,4.0151649316151925,ĠCharacters
182,0.5833333333333334,0.6817558299039781,0.799841709332223,2.3234482164736114,0.6875,0.7552083333333334,1.0089741104236543,3.9690052270889282,:
183,0.6018518518518519,0.6889574759945131,0.8163769389726335,2.364865956483065,0.6875,0.7586805555555556,1.0090118739795588,3.994051218032837,Ġmother
184,0.6111111111111112,0.6906721536351166,0.8175043152910821,2.349727665936502,0.7083333333333334,0.7586805555555556,1.0093337683377244,3.9640634457270316,","
185,0.6296296296296297,0.6944444444444444,0.8264165742633987,2.4231940375434036,0.6875,0.7777777777777778,1.0450291555643842,4.137457728385925,Ġboy
186,0.6111111111111112,0.6951303155006858,0.8273458181889415,2.4198137212682624,0.6875,0.7777777777777778,1.0434242927468094,4.1211020549138375,","
187,0.6481481481481481,0.7002743484224966,0.838395123282094,2.464424239264595,0.6875,0.7673611111111113,1.0359456321039369,4.217295090357464,Ġlittle
188,0.6481481481481481,0.698559670781893,0.8423359820286702,2.4574974377950056,0.6875,0.7690972222222222,1.027591176003936,4.161989808082581,Ġgirl
189,0.6388888888888888,0.700960219478738,0.8454252446965712,2.4528811419451664,0.6875,0.7708333333333333,1.0233113557393136,4.117904464403789,Ċ
190,0.6388888888888888,0.7016460905349794,0.8455241310246165,2.433082492263228,0.6875,0.7743055555555556,1.020608538262948,4.071533918380737,*
191,0.6388888888888888,0.7006172839506172,0.8476374926012468,2.4192000671669263,0.6875,0.7690972222222222,1.0191265788945683,4.033666968345642,ĠObjects
192,0.6388888888888888,0.6995884773662551,0.8475791827628925,2.399869389004177,0.6875,0.7725694444444445,1.0163527885547,3.988714337348938,:
193,0.6203703703703703,0.708161865569273,0.8789474807137212,2.4703548925894268,0.6875,0.7760416666666667,1.040117262863873,4.0763853788375854,Ġcookies
194,0.6203703703703703,0.7081618655692731,0.8794690819787003,2.4522016313340913,0.6875,0.7743055555555556,1.037249447917927,4.035096764564514,","
195,0.6111111111111112,0.7150205761316872,0.8909172948985782,2.490380092903422,0.7083333333333334,0.7829861111111112,1.092942540006358,4.205705404281616,Ġcookie
196,0.6111111111111112,0.7160493827160493,0.8936473743981834,2.4790996268943495,0.7083333333333334,0.7829861111111112,1.0937558661019504,4.17053484916687,Ġjar
197,0.6111111111111112,0.71639231824417,0.8949490311738142,2.4630870995698153,0.7083333333333334,0.779513888888889,1.0908939434021216,4.125237464904785,","
198,0.6018518518518519,0.7181069958847737,0.9054093558264621,2.4758999965808997,0.7291666666666666,0.78125,1.091663767706309,4.1237970987955705,Ġstool
199,0.6018518518518519,0.7174211248285324,0.9064502427231493,2.461496459113228,0.7083333333333334,0.7829861111111112,1.089419591437239,4.0815090735753365,","
200,0.6388888888888888,0.7335390946502058,0.9534323448332217,2.6297486976340956,0.7291666666666666,0.7916666666666666,1.1300555633017446,4.299235701560974,Ġcurtains
201,0.6388888888888888,0.7328532235939643,0.9532895436930895,2.6092423333062094,0.7291666666666666,0.7899305555555556,1.1278703167829673,4.254013737042744,","
202,0.6481481481481481,0.7400548696844993,0.9758023853377068,2.6923169736508967,0.7708333333333334,0.7934027777777777,1.152238129063521,4.378020286560059,Ġplates
203,0.6388888888888888,0.7393689986282578,0.974763658332366,2.670259811260081,0.75,0.7881944444444445,1.1474524414239957,4.324484030405678,","
204,0.6111111111111112,0.7400548696844993,0.9701720441241933,2.669262373888934,0.75,0.7916666666666666,1.1422409105047067,4.285609563191734,Ġcups
205,0.6111111111111112,0.7410836762688615,0.9714481685482812,2.65600072013007,0.7291666666666666,0.7916666666666666,1.1418492149151036,4.251231670379639,","
206,0.6111111111111112,0.7427983539094651,0.9813449981527836,2.6900472994203923,0.7291666666666666,0.795138888888889,1.164955566031336,4.342172980308533,Ġdish
207,0.6111111111111112,0.7407407407407408,0.9891135185033579,2.718645784589981,0.7708333333333334,0.796875,1.183488219800419,4.376103560129803,","
208,0.6111111111111112,0.7431412894375857,0.995162981192841,2.762715940122252,0.7916666666666666,0.7951388888888888,1.1921163028521904,4.4495837291081735,Ġdishwasher
209,0.6296296296296297,0.7465706447187929,0.9995640206884974,2.7799659128542302,0.7916666666666666,0.7951388888888888,1.1947307768042879,4.466926256815594,Ġ(
210,0.6481481481481481,0.7527434842249657,1.0233106540479506,2.902951187557644,0.7708333333333334,0.8038194444444444,1.2248664894834926,4.640179793039959,overflow
211,0.6481481481481481,0.7527434842249657,1.0241175752301006,2.8804247997425243,0.7708333333333334,0.8020833333333333,1.222837148177121,4.591281374295555,ing
212,0.6759259259259259,0.7578875171467764,1.039010478188119,2.9391129988211198,0.7708333333333334,0.8003472222222222,1.2426515877090367,4.643722772598267,Ġsink
213,0.6759259259259259,0.7585733882030179,1.0392832524169906,2.9289606942070883,0.7708333333333334,0.8003472222222222,1.241617613404152,4.631765723228455,"),"
214,0.6481481481481481,0.7623456790123457,1.0600013241330668,3.0273912747700997,0.7708333333333334,0.8072916666666665,1.2638090267466533,4.776681303977966,Ġwind
215,0.6481481481481481,0.766803840877915,1.0752427734757355,3.0653087474681726,0.7708333333333334,0.8090277777777777,1.2700245360706741,4.794177293777466,Ċ
216,0.6481481481481481,0.766803840877915,1.075848958904247,3.0399830606248663,0.7708333333333334,0.8055555555555555,1.2680197732394722,4.743812640508015,*
217,0.6481481481481481,0.7664609053497942,1.0763911084658657,3.0151386790805397,0.7708333333333334,0.8038194444444443,1.2659529493063852,4.694398919741314,ĠActions
218,0.6481481481481481,0.7661179698216735,1.0767707947051488,2.9904593361748617,0.7708333333333334,0.8072916666666666,1.2638253328826834,4.645668148994446,:
219,0.6666666666666666,0.7709190672153635,1.0962703631729829,3.0895319338198064,0.7916666666666666,0.810763888888889,1.2912346531229644,4.794948895772297,Ġstealing
220,0.6851851851851852,0.7698902606310014,1.0952145813220149,3.062289502885605,0.7916666666666666,0.810763888888889,1.2902164169845083,4.747050960858662,Ġcookies
221,0.6944444444444444,0.7716049382716049,1.0956551868342979,3.037610831084077,0.7916666666666666,0.8107638888888888,1.288234640352709,4.698420286178589,","
222,0.6759259259259259,0.7801783264746227,1.1289574259688404,3.12732770707872,0.7916666666666666,0.8142361111111112,1.304156005785147,4.760229587554932,Ġwiping
223,0.6759259259259259,0.7853223593964334,1.1468566615929274,3.171056182296187,0.7708333333333334,0.8159722222222222,1.3157635533426038,4.796743869781494,Ġdishes
224,0.6759259259259259,0.7856652949245543,1.1473312544516783,3.1453539707042566,0.7708333333333334,0.814236111111111,1.3136290506582842,4.747474908828735,","
225,0.7129629629629629,0.7880658436213992,1.1619982684510366,3.2131882420292612,0.7708333333333334,0.8159722222222222,1.3152231060005668,4.81010063489278,Ġsaying
226,0.6944444444444444,0.7901234567901235,1.1604589708440698,3.176428653575755,0.7708333333333334,0.8159722222222222,1.311897287020932,4.749340494473774,"Ġ"""
227,0.7037037037037037,0.7925240054869686,1.1748848814030237,3.271791087256535,0.7708333333333334,0.8159722222222222,1.323547433615485,4.856285969416302,quiet
228,0.6944444444444444,0.7925240054869686,1.1779151304432645,3.2768729174578652,0.7708333333333334,0.8159722222222222,1.326524605940848,4.850274046262104,""""
229,0.7314814814814815,0.7935528120713305,1.1758373997985807,3.250211539091886,0.7708333333333334,0.8159722222222222,1.3246662946387147,4.796721696853638,Ġand
230,0.7222222222222222,0.7952674897119342,1.2016079337860497,3.407770033235902,0.7708333333333334,0.8194444444444444,1.3545650716356712,5.023044228553772,Ġhand
231,0.7129629629629629,0.8004115226337448,1.2213168887402084,3.5086155644169565,0.7708333333333334,0.8159722222222222,1.3653858746014553,5.131884217262268,Ġreaching
232,0.7129629629629629,0.802469135802469,1.222588971037022,3.486898793114559,0.7708333333333334,0.8159722222222222,1.3655263713646368,5.091797987620037,Ġfor
233,0.7222222222222222,0.8024691358024691,1.2281233997157082,3.503276277471471,0.7708333333333334,0.8177083333333334,1.3745964285393766,5.115695476531982,Ġcookie
234,0.7222222222222222,0.8065843621399176,1.2425966713606633,3.5191429632681377,0.7708333333333334,0.8177083333333334,1.375931194679257,5.088057637214661,","
235,0.7314814814814815,0.8134430727023321,1.266673776743404,3.597688480659766,0.7916666666666666,0.8229166666666666,1.3739428735535473,5.145430366198223,Ġstool
236,0.7314814814814815,0.8165294924554184,1.2764707191518556,3.613592712967481,0.7916666666666666,0.8246527777777778,1.377627289825286,5.166807015736897,Ġtipping
237,0.7314814814814815,0.8172153635116598,1.2768035020965307,3.585058088655824,0.7916666666666666,0.8281249999999999,1.3754057263530233,5.117677807807922,Ġover
238,0.7314814814814815,0.8172153635116598,1.2771063334644566,3.565855909276891,0.7916666666666666,0.8263888888888887,1.3748823650367956,5.082625706990559,Ċ
239,0.7407407407407407,0.8161865569272977,1.2777951555052334,3.5366252086780676,0.7916666666666666,0.8263888888888887,1.3731802994504412,5.032105565071106,*
240,0.7407407407407407,0.8161865569272977,1.279504222287087,3.512812614440918,0.7916666666666666,0.8263888888888887,1.3714946140968545,4.987689932187397,ĠSettings
241,0.7407407407407407,0.8165294924554183,1.2799882965873262,3.4842892046327947,0.7916666666666666,0.8281249999999999,1.3696641571756747,4.93854296207428,:
242,0.7407407407407407,0.8192729766803841,1.2817510207966278,3.4707337838632064,0.7916666666666666,0.8263888888888887,1.3636078905357558,4.909299651781719,Ġindoors
243,0.7222222222222222,0.8196159122085048,1.2904421184730874,3.4786017559192786,0.7916666666666666,0.8263888888888888,1.3678588403450882,4.901099125544228,Ġ(
244,0.7222222222222222,0.8196159122085047,1.290997752510323,3.4530930342497648,0.7916666666666666,0.8263888888888888,1.3661282165215025,4.855005423227947,k
245,0.7222222222222222,0.8189300411522634,1.2912356206688291,3.4254702638696735,0.7916666666666666,0.8263888888888888,1.3641148943448236,4.807871778806053,itchen
246,0.7222222222222222,0.8213305898491083,1.2968774111428236,3.4296853454024685,0.7916666666666666,0.828125,1.367271732183721,4.803202470143638,)
247,0.7222222222222222,0.8223593964334706,1.3022382188263832,3.421440742633962,0.7916666666666666,0.828125,1.368592397900403,4.7757932345072405,Ġand
248,0.7407407407407407,0.8220164609053499,1.2998135053361806,3.39393161844324,0.7916666666666666,0.829861111111111,1.3774060705004916,4.766183058420818,Ġoutdoors
249,0.7407407407407407,0.8213305898491083,1.2997612135003735,3.3671502890410245,0.7916666666666666,0.829861111111111,1.3753106677383165,4.7208768526713065,Ġ(
250,0.7407407407407407,0.8199588477366254,1.2972465104195836,3.352061677862096,0.7916666666666666,0.828125,1.3812702783516324,4.736422499020893,with
251,0.7407407407407407,0.8175582990397805,1.2950883476269024,3.3581006438643826,0.7916666666666666,0.8298611111111112,1.3864736466068743,4.769482175509133,Ġopen
252,0.7407407407407407,0.8179012345679012,1.2946591104832115,3.3354181890134456,0.7916666666666666,0.828125,1.3867679855425528,4.729532599449158,Ġwindow
253,0.7222222222222222,0.8203017832647461,1.3012896144123718,3.348171022203232,0.7916666666666666,0.8333333333333334,1.394139172846218,4.7460185289382935,","
254,0.7407407407407407,0.8199588477366256,1.2961903916570456,3.403059217664932,0.7916666666666666,0.8368055555555556,1.4109607510601092,4.877881685892742,Ġpath
255,0.7407407407407407,0.828875171467764,1.3393681053528865,3.5643034687748667,0.7916666666666666,0.8333333333333334,1.3991657911650477,4.939364910125732,os
256,0.7592592592592593,0.8264746227709191,1.332209285774287,3.5916173016583492,0.7916666666666666,0.8315972222222222,1.411388395769478,5.022846897443138,Ġwalk
257,0.7407407407407407,0.8281893004115226,1.3335860023426662,3.611949638084127,0.7916666666666666,0.8333333333333334,1.405091481822848,5.037559628486633,Ġout
258,0.7592592592592593,0.8281893004115226,1.3368821022578359,3.6415642455772144,0.7916666666666666,0.8315972222222222,1.4027425830118303,5.065511743227642,Ġonto
259,0.7592592592592593,0.8271604938271605,1.3389809980036145,3.656769823144984,0.7916666666666666,0.8333333333333334,1.4081765635186916,5.083735346794128,Ġwindow
260,0.7592592592592593,0.8278463648834019,1.3429140370549542,3.6836842607568805,0.7916666666666666,0.8368055555555557,1.4171857015535845,5.136346260706585,Ġwith
261,0.7777777777777778,0.8292181069958848,1.3365757371248295,3.7416237548545546,0.7916666666666666,0.8350694444444444,1.4170651900398266,5.2402165730794295,ĠJune
262,0.7592592592592593,0.8305898491083676,1.345463406284195,3.8444885854367854,0.7916666666666666,0.8368055555555556,1.4257341196651614,5.367566108703613,G
263,0.7592592592592593,0.8323045267489713,1.3505233505129888,3.9296701572559485,0.7708333333333334,0.8402777777777778,1.4356958680476624,5.471176346143086,Ġweather
264,0.7592592592592593,0.8340192043895749,1.3565173105497639,3.9721049379419426,0.7708333333333334,0.842013888888889,1.4429750259921994,5.52968927224477,Ġconditions
265,0.75,0.8350480109739369,1.3605119305763618,3.9943497445848237,0.7708333333333334,0.8437500000000001,1.4470909103359346,5.552323341369629,Ġ(
266,0.75,0.8357338820301784,1.3617182768544245,4.0068508960582605,0.7708333333333334,0.8489583333333333,1.4542675808128693,5.594714879989624,b
267,0.7870370370370371,0.8357338820301784,1.352418280294423,3.9976300840024592,0.75,0.8541666666666667,1.4588136507397333,5.612488110860188,ush
268,0.7870370370370371,0.835048010973937,1.3541447541553266,3.9649032133596904,0.75,0.8489583333333333,1.4583192775462495,5.5606489181518555,es
269,0.7777777777777778,0.8357338820301784,1.3569881098232335,3.9970783657497826,0.75,0.8506944444444444,1.4601531911620669,5.585746844609581,Ġor
270,0.7777777777777778,0.8353909465020576,1.358111620213063,3.9841218877721722,0.75,0.8524305555555556,1.4616719914302736,5.563740491867065,Ġplants
271,0.7592592592592593,0.8357338820301784,1.3580830039026166,3.994170930650501,0.75,0.8524305555555556,1.462035955693153,5.5756731033325195,Ġor
272,0.75,0.8347050754458162,1.3602550386756826,4.022415320078533,0.75,0.8506944444444444,1.462909858741706,5.6070051987965925,Ġcurtains
273,0.75,0.8347050754458162,1.3603729722265234,4.0018635855780715,0.75,0.8489583333333333,1.4614549122521614,5.57044712702433,)ĊĊ
274,0.7592592592592593,0.835048010973937,1.3626580068224126,3.9698721037970657,0.75,0.8506944444444444,1.4606854037957047,5.517265478769936,**
275,0.7592592592592593,0.8350480109739369,1.3647962916694154,3.940638577496564,0.75,0.8524305555555555,1.4600094621973918,5.4686760902404785,Most
276,0.7592592592592593,0.8357338820301783,1.3668643091967025,3.9095005106042926,0.7708333333333334,0.8506944444444444,1.4592340363807432,5.417317946751915,Ġprominent
277,0.7592592592592593,0.8360768175582991,1.3687895068318716,3.8787279835453745,0.7708333333333334,0.8472222222222222,1.458352582650507,5.366657654444378,Ġelements
278,0.7592592592592593,0.8367626886145405,1.370629451390762,3.848613509425409,0.7708333333333334,0.8472222222222222,1.4574569193989964,5.317021687825523,:
279,0.7592592592592593,0.8367626886145405,1.3723680390953477,3.8188476739106356,0.7708333333333334,0.8454861111111112,1.4564462669774636,5.267889976501465,**ĊĊ
280,0.7685185185185185,0.8364197530864197,1.3739546946138854,3.7892073348716444,0.7708333333333334,0.842013888888889,1.4553216057059388,5.219162980715431,*
281,0.7685185185185185,0.8374485596707818,1.3751346592808542,3.761404125778764,0.7708333333333334,0.842013888888889,1.4548944886282253,5.174842357635498,ĠThe
282,0.7962962962962963,0.8381344307270233,1.3815306661200537,3.780952647880273,0.7708333333333334,0.8437500000000001,1.4512745408859473,5.174364010492962,Ġactions
283,0.7962962962962963,0.8381344307270233,1.3829287252263378,3.760181656590216,0.7708333333333334,0.8437500000000001,1.4471351472560208,5.127064784367878,Ġand
284,0.7962962962962963,0.8374485596707819,1.3892879642752491,3.751641485426159,0.7708333333333334,0.8402777777777778,1.4303139383818306,5.076856454213459,Ġchaos
285,0.7962962962962963,0.8377914951989026,1.3901249376364222,3.7224559783935547,0.7708333333333334,0.842013888888889,1.4294746436950598,5.032032450040184,Ġcaused
286,0.7777777777777778,0.8377914951989026,1.3914187359782222,3.694137414296467,0.7708333333333334,0.842013888888889,1.4282554720126572,4.986448844273884,Ġby
287,0.7777777777777778,0.8377914951989026,1.3926135571148677,3.6661644864965375,0.7708333333333334,0.842013888888889,1.4269679913429552,4.941451112429302,Ġthe
288,0.7777777777777778,0.8388203017832647,1.3971939176848371,3.6514574156867106,0.7708333333333334,0.8368055555555556,1.4242901885123338,4.900059858957928,Ġchildren
289,0.7777777777777778,0.8391632373113855,1.3996354421023418,3.6336281917713293,0.7708333333333334,0.8402777777777778,1.4233231482741295,4.864780108133953,Ġ(
290,0.7870370370370371,0.8405349794238683,1.4030875031371366,3.6184738300464794,0.7708333333333334,0.842013888888889,1.4192292627160292,4.828967293103535,ste
291,0.7870370370370371,0.840877914951989,1.4041648981001154,3.5914426026520907,0.7708333333333334,0.8385416666666666,1.417845524386835,4.786009828249615,aling
292,0.7777777777777778,0.8398491083676268,1.4050648908730958,3.5645840962727853,0.7708333333333334,0.8368055555555555,1.4164749341642955,4.7436769008636475,Ġcookies
293,0.7592592592592593,0.8391632373113855,1.405884635887231,3.538903589601869,0.7708333333333334,0.8368055555555555,1.4143732924561803,4.700886805852253,","
294,0.7685185185185185,0.8419067215363512,1.4084487295889503,3.5747532844543457,0.7708333333333334,0.8333333333333334,1.4043394058959109,4.736933708190918,Ġfalling
295,0.75,0.8391632373113854,1.4025393493492841,3.549025394298411,0.7708333333333334,0.8402777777777778,1.42737166239319,4.73907415072123,Ġstool
296,0.7592592592592593,0.8391632373113854,1.4022619240292689,3.533390645627623,0.7708333333333334,0.8402777777777778,1.4274224621938667,4.7240811586380005,)Ċ
297,0.7592592592592593,0.8391632373113854,1.403029042284518,3.5074897165651677,0.7708333333333334,0.8402777777777778,1.4258706480998913,4.68278499444326,*
298,0.7592592592592593,0.8395061728395061,1.4037191639001725,3.4820551165827993,0.7708333333333334,0.8402777777777778,1.4242076875795913,4.6419407526651995,ĠThe
299,0.7592592592592593,0.8398491083676268,1.4089718617629456,3.5240272062796123,0.7708333333333334,0.8402777777777778,1.4311387818733696,4.702144742012024,Ġdynamic
300,0.7592592592592593,0.8398491083676268,1.409478386960199,3.499585646170157,0.7708333333333334,0.8368055555555555,1.4298220145479035,4.662278016408283,Ġbetween
301,0.7592592592592593,0.840877914951989,1.4100304534367816,3.474308879287154,0.7708333333333334,0.8368055555555555,1.428081337143551,4.621936917304993,Ġthe
302,0.7777777777777778,0.8422496570644719,1.4198493466466902,3.5299184587266694,0.7708333333333334,0.8402777777777778,1.4270859630125345,4.660527467727661,Ġlittle
303,0.7777777777777778,0.8436213991769547,1.4247734965454828,3.5126839567113812,0.7708333333333334,0.8385416666666666,1.4291351406142172,4.622591654459637,Ġgirl
304,0.7777777777777778,0.8470507544581619,1.4441421154319865,3.613530353263574,0.75,0.8472222222222222,1.4404473328850145,4.687277793884277,Ġasking
305,0.7962962962962963,0.8473936899862825,1.4414205337404482,3.5854639830412687,0.75,0.8472222222222222,1.4401127872548818,4.656041741371155,Ġfor
306,0.7962962962962963,0.8480795610425239,1.4360606641901301,3.5618200125517667,0.75,0.8576388888888888,1.4525673446231353,4.627007007598877,Ġa
307,0.7962962962962963,0.8473936899862826,1.4339427603091794,3.534031479446977,0.75,0.8576388888888888,1.4508236654313085,4.587617039680481,Ġcookie
308,0.7962962962962963,0.8463648834019204,1.433959162582894,3.5085696291040485,0.75,0.8559027777777778,1.4489286753048887,4.549132347106934,Ġand
309,0.7777777777777778,0.8470507544581619,1.4382684196788378,3.5094566345214844,0.75,0.8524305555555556,1.4530960806816402,4.536195476849873,Ġher
310,0.7777777777777778,0.8521947873799726,1.4520725581748901,3.5834391205399143,0.75,0.8524305555555556,1.4690946927487827,4.639952699343361,Ġfinger
311,0.8055555555555556,0.8549382716049383,1.4617358153648286,3.662402364942764,0.75,0.861111111111111,1.4891752402975684,4.722612818082176,-to
312,0.8055555555555556,0.8518518518518519,1.4585908668448075,3.661100122663708,0.75,0.861111111111111,1.4881466668165917,4.740433573722839,-f
313,0.8055555555555556,0.8521947873799726,1.4588802174497135,3.6334757451657893,0.75,0.861111111111111,1.486290182550725,4.700918833414715,inger
314,0.7962962962962963,0.8532235939643348,1.4628980325555916,3.635979263870805,0.75,0.8628472222222222,1.485848092396839,4.6972949902216605,Ġaction
315,0.8055555555555556,0.855281207133059,1.4665882760844018,3.6462448438008614,0.75,0.861111111111111,1.4870854147872112,4.703529238700867,Ġof
316,0.8055555555555556,0.8535665294924555,1.4662152426342636,3.6725146505567743,0.75,0.8611111111111112,1.4849981854528163,4.733913222948711,Ġpotentially
317,0.8148148148148148,0.8542524005486969,1.4683509275272775,3.712778850837992,0.75,0.8611111111111112,1.4862136664344285,4.771355708440144,Ġcovering
318,0.8148148148148148,0.8549382716049383,1.470369370270431,3.6972403349699796,0.75,0.859375,1.4863315689877907,4.741129159927368,Ġher
319,0.8148148148148148,0.855281207133059,1.4699970205290216,3.6699472003512916,0.75,0.859375,1.4853187162022659,4.704739332199097,Ġmouth
320,0.8148148148148148,0.8559670781893004,1.4724180839271812,3.660013711010965,0.75,0.859375,1.4847702582716273,4.682348171869915,Ġ(
321,0.7777777777777778,0.8573388203017832,1.4807114342046666,3.721042315165203,0.7708333333333334,0.859375,1.4842846451893663,4.7465607325236014,be
322,0.8148148148148148,0.8559670781893005,1.4801418265222206,3.6989929764359104,0.75,0.859375,1.478995394927314,4.709964672724404,Ġquiet
323,0.8148148148148148,0.8549382716049383,1.4808601443148202,3.6831656032138405,0.75,0.8576388888888888,1.4766557393406998,4.6867898305257185,)ĊĊ
324,0.8148148148148148,0.8545953360768177,1.4818390848592595,3.6573353166933416,0.75,0.859375,1.475072271445451,4.647425850232445,**
325,0.8148148148148148,0.8559670781893005,1.4824247911472097,3.635652542114258,0.75,0.859375,1.4738811072841427,4.614026784896851,Inter
326,0.8055555555555556,0.8559670781893004,1.4831485426871056,3.610272902029532,0.75,0.859375,1.472501071263943,4.576050480206806,actions
327,0.8055555555555556,0.8569958847736626,1.4839851854851438,3.5866576300727004,0.75,0.8524305555555555,1.470895707512618,4.53953508536021,Ġand
328,0.8055555555555556,0.8573388203017833,1.4845598538011127,3.5617809295654297,0.75,0.8524305555555555,1.4693947385704622,4.502352039019268,Ġatmosphere
329,0.8055555555555556,0.8573388203017832,1.4850547912633385,3.5371916205794705,0.75,0.8506944444444444,1.4678535773731778,4.4656440814336165,:
330,0.8055555555555556,0.8566529492455418,1.4854808467498446,3.5129139158460845,0.75,0.8489583333333333,1.4662328022949087,4.429350694020588,**ĊĊ
331,0.8055555555555556,0.8563100137174212,1.4858291522865423,3.4889430293330435,0.75,0.8472222222222222,1.4645543238061938,4.393535216649376,*
332,0.8055555555555556,0.8569958847736626,1.4863282161483256,3.4657779622960945,0.75,0.8472222222222222,1.4626603168341592,4.358008146286011,ĠThe
333,0.8055555555555556,0.8600823045267489,1.4975059740678494,3.52601236767239,0.75,0.8489583333333334,1.4681865000646985,4.415987451871235,Ġstool
334,0.7962962962962963,0.8593964334705075,1.497972185171376,3.5161395779362437,0.75,0.8506944444444443,1.469673520985373,4.403918743133545,'s
335,0.8148148148148148,0.8600823045267489,1.496194619064956,3.5390125204015668,0.75,0.8524305555555555,1.482961389601174,4.449506521224976,Ġinstability
336,0.8148148148148148,0.8604252400548696,1.4975978390769813,3.530760500166153,0.75,0.8541666666666666,1.4824740704312707,4.432941198348999,Ġcreates
337,0.8055555555555556,0.8600823045267489,1.4981323523088406,3.509041291696054,0.75,0.8541666666666666,1.4807969089526714,4.399288574854534,Ġa
338,0.7962962962962963,0.8597393689986282,1.4982075378566826,3.486497614118786,0.75,0.8524305555555556,1.4793533052377958,4.3658435344696045,Ġsense
339,0.7962962962962963,0.8590534979423868,1.4982258875836214,3.463081377523917,0.75,0.8506944444444444,1.4775773376825327,4.331251859664917,Ġof
340,0.7962962962962963,0.8600823045267489,1.5009465883862034,3.4611401911135076,0.75,0.8506944444444444,1.4742101197351025,4.3126656611760446,Ġdisorder
341,0.7962962962962963,0.8604252400548696,1.5020557664839247,3.449167198605007,0.75,0.8506944444444444,1.4737852205489095,4.293408433596294,","
342,0.8055555555555556,0.8617969821673525,1.5050180854002664,3.4615707397460938,0.75,0.8506944444444444,1.4761214621806873,4.307625730832417,Ġmirrored
343,0.7962962962962963,0.8614540466392319,1.5052786382791845,3.4405591046368613,0.75,0.8506944444444444,1.474622750256795,4.276280919710796,Ġby
344,0.7962962962962963,0.8604252400548698,1.5051858021241273,3.417718728383381,0.75,0.8489583333333334,1.4727936444452925,4.242809057235718,Ġthe
345,0.8055555555555556,0.8621399176954733,1.5094097466932281,3.413497624573882,0.75,0.8524305555555556,1.474431850260679,4.256173531214397,Ġchildren
346,0.8055555555555556,0.8624828532235939,1.5093305961926045,3.39092666131479,0.75,0.8524305555555556,1.4726161829394124,4.22292919953664,'s
347,0.8055555555555556,0.8614540466392318,1.510057628869352,3.3730217615763323,0.75,0.8524305555555556,1.4705027819043415,4.195545315742493,Ġmis
348,0.8055555555555556,0.8628257887517147,1.5123308531105066,3.3653715451558455,0.75,0.8524305555555556,1.4651040730673734,4.169533689816792,behavior
349,0.8055555555555556,0.8631687242798355,1.5135370518836933,3.358167312763353,0.75,0.8541666666666666,1.4644195806841196,4.156621336936951,.
350,0.8055555555555556,0.8631687242798354,1.5139331405765195,3.345685941201669,0.75,0.8489583333333334,1.463467473012198,4.137753844261169,ĠThis
351,0.8055555555555556,0.8641975308641976,1.516914002263287,3.376718803688334,0.75,0.8506944444444444,1.4686519706862353,4.181652148564659,Ġaction
352,0.8148148148148148,0.8652263374485597,1.5211300865061501,3.3945520718892404,0.75,0.8524305555555556,1.4712011679114432,4.200737714767456,Ġgrabs
353,0.8055555555555556,0.8652263374485597,1.5238406565271987,3.386100362848353,0.75,0.8541666666666666,1.47101575033187,4.180411696434021,Ġattention
354,0.8055555555555556,0.8655692729766804,1.5240336432959987,3.381443942034686,0.75,0.8541666666666666,1.4719869846228433,4.175668001174927,.Ċ
355,0.8055555555555556,0.8652263374485597,1.5237697948604862,3.359497193936946,0.75,0.8541666666666666,1.4701701234282651,4.143766164779663,*
356,0.8055555555555556,0.8652263374485597,1.5234672241571843,3.3378481511716487,0.7708333333333334,0.8506944444444444,1.467903540541856,4.111671686172485,ĠThe
357,0.7962962962962963,0.8672839506172839,1.5294576067874055,3.379766428912127,0.75,0.8506944444444444,1.479556438720823,4.156443913777668,Ġwater
358,0.7962962962962963,0.868312757201646,1.5347469002662555,3.3757305851689097,0.75,0.8506944444444444,1.4813007278851364,4.137557307879128,Ġoverflowing
359,0.7777777777777778,0.8686556927297667,1.536902914510602,3.3719453105220083,0.75,0.8524305555555556,1.482732966787059,4.124412218729656,Ġin
360,0.7777777777777778,0.8686556927297668,1.5364673743378465,3.350290245480007,0.7708333333333334,0.8506944444444444,1.4807308580403657,4.093266169230144,Ġthe
361,0.7777777777777778,0.8683127572016461,1.5357984097824744,3.3286876325254084,0.7708333333333334,0.8489583333333334,1.478723613212796,4.062632958094277,Ġsink
362,0.7777777777777778,0.8689986282578877,1.5394281013712976,3.3394179344177246,0.7708333333333334,0.8524305555555556,1.483761839439322,4.06895609696706,Ġis
363,0.8055555555555556,0.8703703703703703,1.5457888440050125,3.3724267747667085,0.7708333333333334,0.8524305555555556,1.492454083603291,4.1017504533131905,Ġbackground
364,0.7962962962962963,0.8703703703703703,1.5454794278986592,3.3517617826108577,0.7708333333333334,0.8524305555555556,1.490583079652302,4.07211724917094,Ġnoise
365,0.7777777777777778,0.8693415637860082,1.5455038642999182,3.332151536588313,0.7708333333333334,0.8506944444444444,1.4884597007036524,4.042427182197571,","
366,0.8055555555555556,0.8710562414266119,1.5489856749857247,3.3436775030913175,0.7708333333333334,0.8524305555555556,1.4895427553676572,4.050421516100563,Ġdrawing
367,0.7962962962962963,0.8703703703703703,1.5486385916162824,3.3233979189837406,0.7708333333333334,0.8506944444444444,1.4874742573021225,4.02161967754364,Ġattention
368,0.8055555555555556,0.8696844993141291,1.5491711872774,3.311613524401629,0.7708333333333334,0.8506944444444444,1.4871149901939884,4.00515838464101,Ġaway
369,0.8055555555555556,0.8693415637860084,1.5485357788823035,3.290796792065656,0.7708333333333334,0.8506944444444444,1.4849407416687619,3.9755825996398926,Ġfrom
370,0.7777777777777778,0.8676268861454047,1.5479236100225098,3.2709075786449304,0.7708333333333334,0.8489583333333333,1.482621003922301,3.946866830190025,Ġthe
371,0.8148148148148148,0.8700274348422498,1.5549621650806813,3.31264658327456,0.7708333333333334,0.8506944444444444,1.4854641069306094,3.988086660703022,Ġwork
372,0.8148148148148148,0.8703703703703703,1.5572200359974455,3.3037211276866785,0.7708333333333334,0.8489583333333333,1.4852430104901544,3.9700987736384086,Ġthe
373,0.8055555555555556,0.8693415637860082,1.5565562943285067,3.283383404767072,0.7708333333333334,0.8506944444444444,1.4835429412568344,3.9419819116592407,Ġmother
374,0.8055555555555556,0.869684499314129,1.555926378978683,3.2632102789702238,0.7708333333333334,0.8489583333333334,1.4812589600326234,3.913280288378399,Ġis
375,0.7777777777777778,0.8689986282578875,1.5551265269126808,3.2434264818827288,0.7708333333333334,0.8489583333333334,1.4788889499401712,3.8853304386138916,Ġdoing
376,0.7777777777777778,0.8689986282578875,1.5564399364017751,3.2406815952724877,0.7708333333333334,0.8489583333333334,1.478351321910058,3.8782423337300607,.
377,0.7777777777777778,0.8689986282578875,1.5583970694676232,3.2395956957781777,0.7708333333333334,0.8489583333333334,1.477629812392874,3.8717094262440988,ĠHer
378,0.7777777777777778,0.8720850480109739,1.576984399799555,3.2894378944679517,0.7708333333333334,0.8541666666666667,1.5074825228816517,3.9643804232279436,Ġdrying
379,0.7777777777777778,0.8713991769547326,1.5792659168293208,3.283389303419323,0.7708333333333334,0.8524305555555556,1.5124129943695548,3.96086585521698,Ġof
380,0.7685185185185185,0.8713991769547326,1.5767230950697102,3.2648800390738053,0.7708333333333334,0.8506944444444444,1.5107108500933637,3.9404640595118217,Ġthe
381,0.7685185185185185,0.8713991769547325,1.5719343411700608,3.2395601802402076,0.7708333333333334,0.8506944444444444,1.5052837160993442,3.9023661216100045,Ġdishes
382,0.7685185185185185,0.870713305898491,1.573119691080875,3.2434756667525697,0.7708333333333334,0.8506944444444444,1.507344383154905,3.9102475245793684,Ġappears
383,0.7962962962962963,0.8724279835390947,1.5753173326799539,3.254606511857773,0.7708333333333334,0.8541666666666667,1.5078759484199027,3.9187522729237863,Ġincidental
384,0.7962962962962963,0.8724279835390947,1.576271752800215,3.253679875974303,0.7708333333333334,0.8524305555555556,1.5083337518580857,3.915734052658081,Ġor
385,0.7962962962962963,0.8727709190672154,1.5771341660916942,3.2657912572224923,0.7708333333333334,0.8541666666666667,1.5129865013600279,3.935294826825462,Ġunrelated
386,0.7962962962962963,0.8734567901234568,1.5764804410551607,3.246010409461128,0.7708333333333334,0.8524305555555556,1.5108454379468974,3.907305598258972,Ġto
387,0.7962962962962963,0.8737997256515775,1.5757045105747756,3.226261174237287,0.7708333333333334,0.8506944444444444,1.5086596845044027,3.879604180653889,Ġthe
388,0.7962962962962963,0.8731138545953361,1.5766588286646706,3.2147610982259103,0.7708333333333334,0.8524305555555555,1.5075406948136811,3.861925919850666,Ġchaos
389,0.7962962962962963,0.8748285322359397,1.5809847559951264,3.2276322929947483,0.7708333333333334,0.8559027777777778,1.5108116203274586,3.8779962857564314,Ġin
390,0.7962962962962963,0.8744855967078189,1.5802515030941788,3.208341068691677,0.7708333333333334,0.8541666666666666,1.5086124907114364,3.850785692532856,Ġthe
391,0.7962962962962963,0.8741426611796982,1.5837411028448123,3.2146786053975447,0.7708333333333334,0.8541666666666666,1.5125410198997684,3.863797624905903,Ġkitchen
392,0.7962962962962963,0.8741426611796982,1.5837636579057364,3.1986452208624954,0.7708333333333334,0.8541666666666666,1.510746288546209,3.8394424120585136,.Ċ
393,0.7962962962962963,0.8734567901234568,1.58290778888832,3.179520889564799,0.7708333333333334,0.8524305555555556,1.5085052152105762,3.812594771385193,*
394,0.7962962962962963,0.8724279835390946,1.5820493962647302,3.1609129905700684,0.7708333333333334,0.8541666666666666,1.5061577725001818,3.786120931307476,ĠThe
395,0.7777777777777778,0.8758573388203018,1.5882390823267907,3.1855349187497737,0.7708333333333334,0.8576388888888888,1.5169159845291924,3.828075925509136,Ġblowing
396,0.7777777777777778,0.8762002743484225,1.5887001852749256,3.180020067426895,0.7708333333333334,0.8559027777777778,1.5168412888901315,3.8277974526087455,Ġcurtains
397,0.7777777777777778,0.876886145404664,1.5920071010388717,3.190027431205465,0.7708333333333334,0.861111111111111,1.521281455230318,3.845357298851013,Ġadd
398,0.7777777777777778,0.8765432098765433,1.592823445758982,3.1794323038171832,0.7708333333333334,0.859375,1.5214601130249112,3.8319731156031267,Ġto
399,0.7685185185185185,0.8765432098765432,1.5919391885780383,3.160724745856392,0.7708333333333334,0.861111111111111,1.5192348027627496,3.8056360880533866,Ġthe
400,0.7685185185185185,0.8758573388203018,1.5962197767500312,3.1853654472916197,0.7708333333333334,0.8628472222222222,1.5269832812367183,3.840977668762207,Ġrelaxed
401,0.7685185185185185,0.8768861454046639,1.5955345228691091,3.1686691354822223,0.7708333333333334,0.8628472222222222,1.524931201888638,3.817089517911274,","
402,0.7777777777777778,0.8758573388203018,1.5983782284892532,3.188447281166358,0.7708333333333334,0.8628472222222222,1.5294035975435931,3.841368158658348,Ġidle
403,0.7777777777777778,0.8758573388203018,1.5980461857502803,3.1909965055960186,0.7708333333333334,0.8663194444444444,1.5302194257287725,3.847703059514366,Ġfeeling
404,0.7962962962962963,0.8751714677640604,1.5985966226112562,3.1887819148876027,0.7708333333333334,0.861111111111111,1.5265579373475286,3.8410139481226615,Ġoutside
405,0.7962962962962963,0.8762002743484225,1.5980783857753262,3.1711233986748617,0.7708333333333334,0.861111111111111,1.524171750992307,3.815160036087036,","
406,0.7962962962962963,0.8755144032921811,1.599181522854665,3.1773797141181106,0.7708333333333334,0.861111111111111,1.5275624470066356,3.826541225115456,Ġwhereas
407,0.7962962962962963,0.8758573388203018,1.5986196714210248,3.169857272395383,0.7708333333333334,0.8628472222222222,1.5273660812826584,3.8169091145197562,Ġinside
408,0.7962962962962963,0.8762002743484225,1.5982601935308318,3.1527449996383083,0.7708333333333334,0.8645833333333334,1.5255041828475642,3.7925895055135115,","
409,0.7962962962962963,0.8762002743484225,1.5991643491646064,3.151240631386088,0.7708333333333334,0.8628472222222222,1.524541916205556,3.7895548343658447,Ġchaos
410,0.7962962962962963,0.8765432098765432,1.599820767215544,3.1418705339784943,0.7708333333333334,0.8663194444444444,1.5248754388511638,3.776566306749981,Ġis
411,0.7962962962962963,0.8768861454046639,1.6003054823069882,3.1343446307712135,0.7708333333333334,0.8645833333333334,1.5251593228780411,3.766549547513325,Ġbrewing
412,0.7962962962962963,0.8762002743484225,1.6015553558082896,3.126811875237358,0.7708333333333334,0.8663194444444444,1.5248896668783702,3.753072778383892,.Ċ
413,0.7962962962962963,0.8758573388203018,1.6006729849646075,3.1087947598210093,0.7708333333333334,0.8663194444444444,1.5226483694069364,3.7277677456537894,*
414,0.7777777777777778,0.8758573388203018,1.6000518600003995,3.091975300400346,0.7708333333333334,0.8645833333333334,1.5203053627495275,3.703139344851177,ĠThe
415,0.7962962962962963,0.8768861454046639,1.606885941670442,3.1572406027052153,0.7708333333333334,0.8680555555555556,1.5445989028267861,3.8026470343271868,Ġcabinet
416,0.7777777777777778,0.8762002743484225,1.6106559407296648,3.169850631996436,0.7708333333333334,0.8663194444444444,1.5396029758889243,3.8150323232014998,Ġboy
417,0.7962962962962963,0.8775720164609054,1.621553148630861,3.19748357490257,0.7708333333333334,0.8645833333333334,1.532721159463895,3.843046228090923,Ġslipping
418,0.7870370370370371,0.8799725651577504,1.6253965517940392,3.227702988518608,0.7916666666666666,0.8645833333333334,1.5325419810783323,3.8731331825256348,Ġof
419,0.8055555555555556,0.879286694101509,1.6288556332275903,3.2354051095468037,0.7708333333333334,0.8628472222222222,1.5185812279479847,3.874297300974529,Ġstool
420,0.8240740740740741,0.879286694101509,1.634905403723569,3.2668639289008254,0.7708333333333334,0.8645833333333334,1.5204937339538451,3.9098358154296875,Ġfalling
421,0.7685185185185185,0.8806584362139919,1.6367546514496907,3.2834653501157405,0.7916666666666666,0.8663194444444444,1.5277446180148535,3.9304395119349174,Ġapart
422,0.7777777777777778,0.8823731138545954,1.6402686598081924,3.314038894794603,0.7916666666666666,0.8680555555555555,1.5287482791960643,3.965661565462746,Ġfamily
423,0.7870370370370371,0.8827160493827161,1.6444600488543446,3.338466043825502,0.7916666666666666,0.8680555555555555,1.5276994005325335,3.986232002576191,Ġharmony
424,0.7870370370370371,0.8837448559670782,1.647079495100305,3.358983357747398,0.7916666666666666,0.8697916666666666,1.528406818157479,4.0110332568486555,Ġadds
425,0.7870370370370371,0.8834019204389575,1.6479770275610401,3.3565941739965375,0.7916666666666666,0.8697916666666666,1.5280333795366914,4.006744106610618,Ġanother
426,0.7870370370370371,0.8837448559670782,1.648452151562698,3.341410424974228,0.7916666666666666,0.8680555555555555,1.5266432147965097,3.984163959821064,Ġlayer
427,0.7777777777777778,0.8834019204389575,1.6486097570185212,3.3237925988656514,0.7916666666666666,0.8680555555555555,1.5246393516538217,3.958548665046692,Ġof
428,0.7870370370370371,0.8834019204389575,1.6507276280428789,3.3296622523555044,0.7916666666666666,0.8663194444444444,1.5237390058973936,3.95969255765279,Ġmay
429,0.7777777777777778,0.8827160493827161,1.6504634038419457,3.310502970660174,0.7916666666666666,0.8663194444444444,1.5219075739765713,3.9332445462544747,hem
430,0.7870370370370371,0.8840877914951989,1.6511360635761076,3.3194560828032316,0.7916666666666666,0.8663194444444444,1.5241977598059346,3.9447644551595076,Ġthe
431,0.7870370370370371,0.8834019204389575,1.6538504754562373,3.3445833524068185,0.7916666666666666,0.8680555555555556,1.5278092475144662,3.975288589795433,ĠScene
432,0.7962962962962963,0.8837448559670783,1.6546872101922134,3.374865214029949,0.7916666666666666,0.8680555555555556,1.5345816142334512,4.019353032112122,Ġkitchen
433,0.7962962962962963,0.884087791495199,1.6558805448986353,3.3663611058835627,0.7916666666666666,0.8645833333333334,1.5329916807640358,4.003473162651062,.ĊĊ
434,0.7962962962962963,0.8844307270233197,1.6558459401676116,3.347136179606121,0.7916666666666666,0.8680555555555556,1.5312624329465372,3.9768691460291556,**
435,0.7962962962962963,0.8844307270233197,1.6573090934994328,3.340863634038854,0.7916666666666666,0.8663194444444444,1.5305529269814415,3.9659249385197946,As
436,0.7962962962962963,0.884087791495199,1.6572000231974426,3.321803304884167,0.7916666666666666,0.8680555555555556,1.5288575295289133,3.9397096236546822,pects
437,0.7870370370370371,0.884087791495199,1.6570761535434453,3.3033379448784714,0.7916666666666666,0.8680555555555556,1.5271152016421417,3.914202928543091,Ġhighlighted
438,0.7870370370370371,0.8830589849108368,1.6572975673790855,3.2879225589610925,0.7916666666666666,0.8663194444444444,1.5256423162901382,3.892114758491516,Ġand
439,0.7870370370370371,0.8827160493827161,1.6571535575284366,3.275667526103831,0.7916666666666666,0.8680555555555555,1.5253218375352215,3.8762480815251656,Ġbackground
440,0.7777777777777778,0.8834019204389575,1.6568794839240855,3.257361606315328,0.7916666666666666,0.8680555555555555,1.523227888866347,3.8506813049316406,ed
441,0.7777777777777778,0.8827160493827161,1.6565408652590214,3.2390469798335317,0.7916666666666666,0.8680555555555555,1.5214048893606857,3.825568914413452,:
442,0.7777777777777778,0.8827160493827161,1.6561516657533204,3.220893700917564,0.7916666666666666,0.8680555555555555,1.5195526313841503,3.8006948630015067,**ĊĊ
443,0.7777777777777778,0.8820301783264747,1.6557197394089676,3.2029197834156165,0.7916666666666666,0.8680555555555555,1.5176688875350448,3.7760600646336897,*
444,0.7777777777777778,0.8820301783264747,1.6553640392350777,3.1855846687599474,0.7916666666666666,0.8663194444444443,1.5156787393025712,3.751861373583477,ĠThe
445,0.7870370370370371,0.8837448559670782,1.663740802856688,3.212075886902987,0.7916666666666666,0.8680555555555555,1.5261812451439492,3.787822961807251,Ġoutdoor
446,0.7777777777777778,0.8837448559670782,1.6647504500218575,3.2004495020265935,0.7916666666666666,0.8680555555555555,1.5256024603987455,3.7718306382497175,Ġenvironment
447,0.7777777777777778,0.8837448559670782,1.6650414188609703,3.187798570703574,0.7916666666666666,0.8680555555555555,1.523773613547414,3.7531622648239136,Ġis
448,0.7777777777777778,0.8844307270233196,1.671611646780227,3.2072825608430087,0.7916666666666666,0.8680555555555555,1.5266688357441804,3.767490863800049,Ġdescribed
449,0.7777777777777778,0.8837448559670782,1.6717030492791152,3.20204222643817,0.7916666666666666,0.8680555555555555,1.5263274090384666,3.7577077945073434,","
450,0.7777777777777778,0.8834019204389576,1.6715539284326097,3.185343548103617,0.7916666666666666,0.8663194444444443,1.5245880366937594,3.7343496084213257,Ġbut
451,0.7777777777777778,0.8837448559670783,1.674668941628899,3.19769393073188,0.7916666666666666,0.8680555555555555,1.526088955409544,3.7467688719431536,Ġno
452,0.7777777777777778,0.8840877914951989,1.6797890496360184,3.218873730412234,0.7916666666666666,0.8680555555555555,1.5308037178516862,3.7718803485234567,Ġdramatic
453,0.7870370370370371,0.8858024691358025,1.6812553685676948,3.212500077706796,0.7916666666666666,0.8680555555555555,1.5303069825322173,3.7601592540740967,Ġor
454,0.7777777777777778,0.885116598079561,1.6826601384548237,3.2209198209974517,0.7916666666666666,0.8663194444444444,1.5331250986945548,3.7724831501642875,Ġextraordinary
455,0.7870370370370371,0.8861454046639232,1.6858589270189148,3.236941072675915,0.7916666666666666,0.8680555555555555,1.5360213099179183,3.7866835594177246,Ġweather
456,0.7870370370370371,0.8858024691358025,1.6872879904805766,3.2355190029850682,0.7916666666666666,0.8680555555555555,1.5370398936804721,3.783509890238445,Ġor
457,0.7870370370370371,0.8864883401920439,1.6897251386099974,3.2555070100007235,0.7916666666666666,0.8680555555555555,1.5429967566891762,3.8098443746566772,Ġweather
458,0.7962962962962963,0.887517146776406,1.6913126879567002,3.2721381540651677,0.7916666666666666,0.8680555555555555,1.5458311941997556,3.830141027768452,Ġaction
459,0.8148148148148148,0.8885459533607682,1.6931598506869976,3.2818596627977143,0.7916666666666666,0.8680555555555555,1.5485943837148435,3.8430358966191633,Ġoutside
460,0.8148148148148148,0.888888888888889,1.6937235121696226,3.2941460609436035,0.7916666666666666,0.8715277777777778,1.551518569996338,3.8606929381688424,Ġbeyond
461,0.8240740740740741,0.8878600823045268,1.6968487825552352,3.329377933784766,0.7708333333333334,0.8715277777777778,1.5608411421767663,3.900929093360901,Ġwater
462,0.8148148148148148,0.8909465020576133,1.7058566452276973,3.381459094859938,0.75,0.8715277777777778,1.5683043633634075,3.9545589685440063,ĠRunning
463,0.8148148148148148,0.8916323731138547,1.709671940177711,3.387114065664786,0.75,0.8715277777777778,1.5738228597112012,3.962465842564903,Ġout
464,0.8333333333333334,0.8916323731138547,1.7117485684671605,3.4082356029086647,0.7708333333333334,0.8715277777777777,1.5806116683099272,3.9924890995025635,Ġsink
465,0.8333333333333334,0.8916323731138548,1.713522812481993,3.433962486408376,0.7708333333333334,0.8732638888888888,1.5865511185192998,4.028731664021812,Ġflowing
466,0.8333333333333334,0.8926611796982168,1.7156720450877163,3.447977754804821,0.7708333333333334,0.8697916666666666,1.5909024931852287,4.049115141232807,Ġoverflowing
467,0.8333333333333334,0.8930041152263375,1.7171350664821117,3.4639625196103694,0.7708333333333334,0.8697916666666666,1.591573408950045,4.070620775222778,Ġcurtains
468,0.8333333333333334,0.8930041152263376,1.7190805086861363,3.457317140367298,0.7708333333333334,0.8697916666666666,1.5919564909480866,4.058741410573326,Ġblowing
469,0.8333333333333334,0.8936899862825789,1.7200775317032908,3.465943654378254,0.7708333333333334,0.8697916666666666,1.5932466766051792,4.064199606577553,Ġslightly
470,0.8333333333333334,0.8936899862825788,1.7212011244335244,3.489348711790864,0.7708333333333334,0.8715277777777778,1.5975744033650658,4.09868641694387,Ġrelaxed
471,0.8333333333333334,0.8936899862825788,1.722041187084685,3.487064926712602,0.7708333333333334,0.8715277777777778,1.5977087041052074,4.094136555989582,.
472,0.8148148148148148,0.8926611796982167,1.7227421214674545,3.501796899018462,0.7708333333333334,0.8715277777777778,1.6002124262625825,4.112711548805237,Ġno
473,0.8148148148148148,0.8936899862825788,1.723671676967098,3.5242603973106092,0.7916666666666666,0.8715277777777778,1.6042025235463022,4.143746296564739,Ġcars
474,0.8333333333333334,0.8943758573388202,1.7245368946788224,3.5133380006860833,0.7708333333333334,0.8715277777777778,1.6034812682908388,4.1277829011281355,","
475,0.8333333333333334,0.8943758573388202,1.7257808454747006,3.5085359855934435,0.7708333333333334,0.8715277777777778,1.6045412738543174,4.121243953704834,Ġpeople
476,0.8333333333333334,0.8943758573388203,1.7264705996689642,3.492573314242893,0.7708333333333334,0.8715277777777778,1.6034475619389041,4.098937789599102,","
477,0.8333333333333334,0.8940329218106996,1.7273310783961446,3.4927435627690073,0.7708333333333334,0.8715277777777778,1.6032154798687932,4.096546530723572,Ġsounds
478,0.8333333333333334,0.8943758573388203,1.7282634755424264,3.4803347764191805,0.7708333333333334,0.8715277777777778,1.6025878545557526,4.07919140656789,","
479,0.8333333333333334,0.8943758573388203,1.7292437529747882,3.478278495647288,0.7708333333333334,0.8715277777777778,1.6028862980169492,4.074927171071369,Ġsmells
480,0.8333333333333334,0.8947187928669411,1.7297556705792678,3.463270028432209,0.7708333333333334,0.8715277777777778,1.601840062702547,4.054331819216408,","
481,0.8333333333333334,0.8947187928669411,1.7303529848639294,3.4509798685709647,0.7708333333333334,0.8715277777777778,1.6010339667526436,4.037200887997944,Ġor
482,0.8333333333333334,0.8943758573388203,1.7310332329047,3.440306451585556,0.7708333333333334,0.8715277777777778,1.600743161929432,4.022541085879006,Ġother
483,0.8333333333333334,0.8950617283950617,1.7316789422072343,3.4333699720877178,0.7708333333333334,0.8715277777777778,1.6001331993065286,4.011174321174622,Ġsensory
484,0.8333333333333334,0.8947187928669411,1.7319716413892814,3.4176609781053315,0.7708333333333334,0.8715277777777778,1.5987136019272739,3.98902400334676,Ġdetails
485,0.8333333333333334,0.8947187928669411,1.7325457509963729,3.414068539937336,0.7708333333333334,0.8715277777777778,1.5991117270603137,3.984386881192524,Ġthat
486,0.8425925925925926,0.8950617283950617,1.7330281078617502,3.403006129794651,0.7708333333333334,0.8715277777777778,1.5983149293961214,3.968396623929344,Ġwould
487,0.8425925925925926,0.8947187928669411,1.7336196507932595,3.4045227898491746,0.7708333333333334,0.8715277777777778,1.5994798578805953,3.9707236289978027,Ġsuggest
488,0.8425925925925926,0.8950617283950617,1.7344201019735312,3.4132967701664683,0.7708333333333334,0.8715277777777778,1.6016076893647964,3.9831380446751936,Ġaction
489,0.8425925925925926,0.8950617283950617,1.734649505023041,3.426420653307879,0.7708333333333334,0.8715277777777778,1.603611952138243,4.000863393147785,Ġhappen
490,0.8425925925925926,0.8950617283950617,1.7347484516107745,3.4219339688618966,0.7708333333333334,0.8715277777777778,1.6033987822693958,3.9960674444834403,.
491,0.8425925925925926,0.8954046639231824,1.7352608052030796,3.4221760431925468,0.7708333333333334,0.8715277777777778,1.603847671049012,3.995435953140259,ĠOutside
492,0.8425925925925926,0.8950617283950618,1.7358872453281973,3.418255858951145,0.7708333333333334,0.8715277777777778,1.6031638264508994,3.9882071415583304,Ġseems
493,0.8425925925925926,0.8954046639231825,1.7367604430693575,3.4097437858581543,0.7708333333333334,0.8715277777777778,1.6026768755023728,3.976131995519001,Ġto
494,0.8425925925925926,0.8947187928669411,1.737145924125164,3.392463330869319,0.7708333333333334,0.8715277777777778,1.6014359043670803,3.952850341796875,Ġbe
495,0.8425925925925926,0.8950617283950618,1.7396133427527012,3.4158334202236595,0.7708333333333334,0.8715277777777778,1.6025084691115543,3.978076895078022,Ġrelegated
496,0.8425925925925926,0.8954046639231825,1.740062030208543,3.3984365110044124,0.7708333333333334,0.8697916666666666,1.6012601770808699,3.954533338546753,Ġto
497,0.8425925925925926,0.8950617283950617,1.7403809068434386,3.3812090732433155,0.7708333333333334,0.8697916666666666,1.6001056291594733,3.931842803955078,Ġthe
498,0.8425925925925926,0.8947187928669411,1.7406263767071035,3.3634798791673433,0.7708333333333334,0.8697916666666666,1.5987058051580978,3.9081551631291696,Ġbackground
499,0.8425925925925926,0.8943758573388203,1.7409400602252618,3.349766360388859,0.7708333333333334,0.8697916666666666,1.597636296722228,3.889552911122639,.Ċ
500,0.8425925925925926,0.8950617283950617,1.7410986246928153,3.3322463742008885,0.7708333333333334,0.8715277777777778,1.5961784176413965,3.866176287333168,*
501,0.8425925925925926,0.8954046639231825,1.74137392105327,3.3255766409414775,0.7708333333333334,0.8732638888888888,1.5977309908905097,3.859829545021057,ĠMother
502,0.8425925925925926,0.8954046639231825,1.7414600146795067,3.308513199841535,0.7708333333333334,0.8732638888888888,1.5959674265000587,3.836561997731529,'s
503,0.8425925925925926,0.8964334705075445,1.7443310562130663,3.318946644111918,0.7708333333333334,0.8715277777777778,1.6019765162858717,3.8488290707270316,Ġdrying
504,0.8425925925925926,0.8967764060356653,1.7451878660149007,3.314645131429039,0.7708333333333334,0.8715277777777778,1.599894952589751,3.8402938048044852,Ġthe
505,0.8425925925925926,0.8964334705075445,1.744668133974244,3.296624360261138,0.7708333333333334,0.8732638888888888,1.5979104540932583,3.8161653677622454,Ġdishes
506,0.8425925925925926,0.8969478737997256,1.745681480321951,3.312207981392188,0.7708333333333334,0.8715277777777778,1.601577724995462,3.8397406339645386,Ġalso
507,0.8425925925925926,0.897119341563786,1.7458289595660463,3.303521650808829,0.7708333333333334,0.8715277777777778,1.6005451479900437,3.828589081764221,Ġappears
508,0.8425925925925926,0.897119341563786,1.7463539108379649,3.293982947314227,0.7708333333333334,0.8715277777777778,1.5994418675553421,3.814949353535969,Ġsecondary
509,0.8425925925925926,0.897119341563786,1.7467862622983457,3.2802193429734956,0.7708333333333334,0.8715277777777778,1.598447263669061,3.7964636882146188,Ġto
510,0.8425925925925926,0.8960905349794239,1.7468416597669985,3.263458887736004,0.7708333333333334,0.875,1.5968489297963178,3.7741024096806832,Ġthe
511,0.8425925925925926,0.8967764060356653,1.7491195159325508,3.2727902730306013,0.7708333333333334,0.8732638888888888,1.5980962602361433,3.7858493328094482,Ġkitchen
512,0.8425925925925926,0.8960905349794239,1.7497185273419225,3.275969858522771,0.7708333333333334,0.875,1.6017432339078779,3.791262984275818,Ġaction
513,0.8425925925925926,0.8967764060356653,1.7510483357029667,3.2917316048233616,0.7708333333333334,0.875,1.6053852155181145,3.814259807268776,Ġwithin
514,0.8425925925925926,0.8967764060356653,1.752846764464357,3.2879018430356624,0.7708333333333334,0.875,1.6063463098310589,3.808913469314575,.ĊĊ
515,0.8425925925925926,0.8960905349794239,1.7529504719766096,3.2711766384266063,0.7708333333333334,0.8767361111111112,1.6048356545152314,3.7866367896397897,**
516,0.8425925925925926,0.8957475994513031,1.7530084659511873,3.2558280626932756,0.7708333333333334,0.8767361111111112,1.6030906629680317,3.76614220937093,Speaker
517,0.8425925925925926,0.8957475994513031,1.753008476223811,3.2392636228490765,0.7708333333333334,0.8767361111111112,1.601555932919502,3.7441480954488107,'s
518,0.8425925925925926,0.8960905349794239,1.752967068577278,3.2228442827860526,0.7708333333333334,0.8767361111111112,1.6000003694688434,3.7223561604817696,Ġfocus
519,0.8425925925925926,0.8967764060356653,1.7528807043139727,3.2065494678638586,0.7708333333333334,0.8767361111111112,1.5984166984948742,3.7007309595743827,:
520,0.8425925925925926,0.8967764060356653,1.7527831684859179,3.1904561784532355,0.7708333333333334,0.8767361111111112,1.5968119965794647,3.679322560628254,**ĊĊ
521,0.8425925925925926,0.8967764060356653,1.7531214748660786,3.1766315919381576,0.7708333333333334,0.8732638888888888,1.5953841659111092,3.659943262736004,Based
522,0.8425925925925926,0.8960905349794239,1.7529109882636134,3.1606910846851477,0.7708333333333334,0.8732638888888888,1.5937333871214128,3.6388367414474487,Ġon
523,0.8425925925925926,0.8960905349794239,1.7528096399743587,3.156849772841845,0.7708333333333334,0.8732638888888888,1.5935171430710744,3.6333618561426775,Ġthis
524,0.8425925925925926,0.8960905349794239,1.752564289786228,3.141095850202774,0.7708333333333334,0.8732638888888888,1.5918368142183987,3.6124937534332275,Ġanalysis
525,0.8425925925925926,0.8957475994513031,1.7522644767356481,3.1254475911458357,0.7708333333333334,0.8715277777777777,1.5901302604538536,3.5917935371398926,","
526,0.8425925925925926,0.8960905349794239,1.7525746100302182,3.1214121889185016,0.7708333333333334,0.8732638888888888,1.5896582846945124,3.585911552111309,ĠI
527,0.8425925925925926,0.8957475994513031,1.7529544022487642,3.115787629727965,0.7708333333333334,0.875,1.5894534698367633,3.576614499092102,Ġbelieve
528,0.8333333333333334,0.8954046639231824,1.7525675551974338,3.1003599343476473,0.7708333333333334,0.8732638888888888,1.5877004897569418,3.5562392473220825,Ġthe
529,0.8333333333333334,0.8957475994513031,1.7521402767981373,3.0850499824241346,0.7708333333333334,0.8697916666666666,1.5859277936145937,3.53604022661845,Ġspeaker
530,0.8333333333333334,0.8960905349794238,1.7517244551869937,3.0698351860046387,0.7708333333333334,0.8697916666666666,1.5843192753568096,3.5167235136032104,'s
531,0.8333333333333334,0.8957475994513032,1.751373936276762,3.055224012445521,0.7708333333333334,0.8697916666666666,1.5825578642867135,3.4972864786783866,Ġfocus
532,0.8333333333333334,0.8943758573388204,1.7508409399422127,3.0402833267494493,0.7708333333333334,0.8697916666666666,1.580731564300703,3.477590560913086,Ġis
533,0.8333333333333334,0.8940329218106996,1.7503544511553155,3.025730998427779,0.7708333333333334,0.8697916666666666,1.5788412872067654,3.458102027575176,Ġon
534,0.8148148148148148,0.8936899862825788,1.7497256227222995,3.01095672889992,0.7708333333333334,0.8697916666666666,1.576982697437506,3.4387212594350167,Ġthe
535,0.8148148148148148,0.8936899862825788,1.7503243172341096,3.0056708653767927,0.7708333333333334,0.8715277777777778,1.5758621954901384,3.4284087419509888,Ġchaotic
536,0.8148148148148148,0.8940329218106996,1.7514816422713846,3.010194513532852,0.7708333333333334,0.8715277777777778,1.5775970099794783,3.428879976272583,Ġdynamics
537,0.8148148148148148,0.8943758573388203,1.7536836212168934,3.004310784516509,0.7708333333333334,0.8715277777777778,1.576711095470897,3.4172754287719727,Ġwithin
538,0.8055555555555556,0.8943758573388203,1.753025355519837,2.9897728496127662,0.7708333333333334,0.8732638888888888,1.5748156449471242,3.398236036300659,Ġthe
539,0.8055555555555556,0.8930041152263374,1.7520604066752496,2.975503868526882,0.7708333333333334,0.8715277777777778,1.5736587536113498,3.382572889328003,Ġkitchen
540,0.8055555555555556,0.8933470507544581,1.751712465919186,2.9624185738740145,0.7708333333333334,0.8715277777777778,1.5720372907126114,3.365300814310711,","
541,0.8055555555555556,0.8940329218106996,1.7513391007465544,2.9502873244108976,0.7708333333333334,0.8715277777777778,1.5705313008679902,3.3490086396535226,Ġparticularly
542,0.8055555555555556,0.8936899862825789,1.7505734617071895,2.9361479547288667,0.7708333333333334,0.8697916666666666,1.5684869986829306,3.3305049737294503,Ġthe
543,0.8055555555555556,0.8943758573388203,1.7528517553469949,2.935998015933567,0.7708333333333334,0.8697916666666666,1.5687594809258787,3.3289320071538278,Ġbehavior
544,0.8055555555555556,0.8943758573388203,1.752121924167125,2.922237943719935,0.7708333333333334,0.8697916666666666,1.5668627530183112,3.310977657636009,Ġof
545,0.8055555555555556,0.8940329218106996,1.7512781372440684,2.908322722823531,0.7708333333333334,0.8680555555555556,1.564878612704516,3.2928022146224976,Ġthe
546,0.7870370370370371,0.8930041152263374,1.7505230081706593,2.8949332237243652,0.7708333333333334,0.8680555555555556,1.5629642826454917,3.27483828862508,Ġchildren
547,0.8425925925925926,0.8933470507544581,1.7506998390391586,2.885701691662824,0.7708333333333334,0.8680555555555556,1.5620871908614353,3.2614667812983207,Ġand
548,0.8425925925925926,0.8930041152263374,1.7497618865506634,2.872036880917019,0.7708333333333334,0.8680555555555556,1.5600780092951783,3.245074113210041,Ġthe
549,0.8518518518518519,0.8943758573388203,1.756365523697729,2.90230131149292,0.7708333333333334,0.8715277777777778,1.570355946193722,3.2819749116897583,Ġimpending
550,0.8611111111111112,0.8950617283950618,1.765035666739559,2.9268696043226434,0.7708333333333334,0.8715277777777778,1.5672138696466182,3.285518685976662,Ġfamily
551,0.8518518518518519,0.8947187928669411,1.7670688291305043,2.9349510051586023,0.7708333333333334,0.8715277777777778,1.5701967738340117,3.2999972105026245,Ġtrouble
552,0.8518518518518519,0.894718792866941,1.7682374163683459,2.930027202323629,0.7708333333333334,0.8715277777777778,1.5701022516878018,3.291974623998005,Ġthat
553,0.8518518518518519,0.8954046639231824,1.769724737229426,2.930363584447793,0.7708333333333334,0.8732638888888888,1.572473029387103,3.2967696984608956,Ġwill
554,0.8518518518518519,0.8950617283950617,1.7702588591649004,2.930547890839751,0.7708333333333334,0.8715277777777778,1.5725743557073655,3.2948977152506487,Ġlikely
555,0.8518518518518519,0.894718792866941,1.770707177949112,2.9255521738970707,0.7708333333333334,0.8715277777777778,1.5726355043483586,3.285316785176594,Ġarise
556,0.8518518518518519,0.8954046639231824,1.7699315911599174,2.9132046699523926,0.7708333333333334,0.8715277777777778,1.5704206638760525,3.268726110458374,Ġfrom
557,0.8518518518518519,0.8957475994513031,1.7691770465177883,2.910253542440909,0.7708333333333334,0.8715277777777777,1.5706950179008288,3.265267014503479,Ġthe
558,0.7962962962962963,0.8981481481481481,1.7724499229439532,2.913426010696977,0.75,0.876736111111111,1.5698577110628178,3.2656232913335153,Ġtipping
559,0.7777777777777778,0.8984910836762688,1.7740831833392021,2.9119372544465243,0.75,0.875,1.568766095998875,3.256800015767414,Ġstool
560,0.7777777777777778,0.899519890260631,1.7740498087154994,2.901099434605353,0.75,0.8732638888888888,1.567719305190334,3.241714080174763,Ġand
561,0.7870370370370371,0.899519890260631,1.7779148059347178,2.9165764738012214,0.75,0.876736111111111,1.570217365053069,3.259438435236614,Ġmis
562,0.7777777777777778,0.8998628257887518,1.7781520908416342,2.9111094298186124,0.75,0.875,1.5699594011171143,3.2513071695963554,beh
563,0.7777777777777778,0.9002057613168724,1.777769092861467,2.9046051590530944,0.75,0.875,1.5701741134073715,3.244568705558777,aved
564,0.8425925925925926,0.8974622770919067,1.7754616878278575,2.9090027809143066,0.7708333333333334,0.876736111111111,1.5750961008436788,3.257016936937969,Ġboys
565,0.8425925925925926,0.8981481481481481,1.7774221914366537,2.9086667343422192,0.7708333333333334,0.876736111111111,1.5745670275444807,3.2534727652867623,Ġand
566,0.7777777777777778,0.8981481481481481,1.7780560182878558,2.9134370839154293,0.75,0.876736111111111,1.5788365666613329,3.2642180522282906,Ġa
567,0.8055555555555556,0.8984910836762688,1.780440749574652,2.924993585657191,0.75,0.876736111111111,1.5841426219170454,3.290229082107544,Ġsuggestion
568,0.8055555555555556,0.8981481481481481,1.785296082499829,2.9442294085467324,0.75,0.876736111111111,1.5835860428117865,3.3024921019872053,Ġlittle
569,0.7962962962962963,0.8981481481481481,1.7858843241276656,2.9551729626125756,0.75,0.8784722222222222,1.5904337798264472,3.323431611061096,Ġsister
570,0.8055555555555556,0.8988340192043895,1.7865268491193884,2.964065922631157,0.7708333333333334,0.8802083333333334,1.5935245447399253,3.3407018184661865,Ġattempt
571,0.8148148148148148,0.8995198902606311,1.7878056467897456,2.9767529169718436,0.75,0.8802083333333334,1.595887328706085,3.3550661404927595,Ġsilence
572,0.8148148148148148,0.9005486968449932,1.792143068599793,2.998855714444762,0.7708333333333334,0.8819444444444444,1.6003530969463247,3.384659091631569,Ġchaos
573,0.8333333333333334,0.9012345679012346,1.793013142956044,3.0101637840270996,0.7708333333333334,0.8819444444444444,1.602185889598003,3.3991542259852103,Ġbe
574,0.8333333333333334,0.9022633744855967,1.7940310863988336,3.047240486851443,0.7916666666666666,0.8802083333333333,1.6084522181598457,3.4491837819417306,ĠQB
575,0.8333333333333334,0.9026063100137175,1.7971824151968332,3.0740030253375004,0.7916666666666666,0.8819444444444444,1.611476319304339,3.4824386835098267,Le
576,0.8333333333333334,0.9029492455418382,1.799827852840884,3.105188104841446,0.7916666666666666,0.8802083333333334,1.6167350188043146,3.5228851636250837,icht
577,0.8425925925925926,0.9022633744855967,1.8014881567360272,3.1231058438619,0.7916666666666666,0.8819444444444444,1.6194371459524763,3.546224633852642,nik
578,0.8425925925925926,0.9022633744855967,1.8030352837760868,3.142049736446804,0.7916666666666666,0.8819444444444444,1.6217030401284576,3.570736090342205,Le
579,0.8425925925925926,0.9026063100137174,1.804043715179328,3.134199407365589,0.7916666666666666,0.8819444444444444,1.6206134090003628,3.559590458869934,icht
580,0.8425925925925926,0.9022633744855967,1.8042527700860578,3.140270762973362,0.7916666666666666,0.8819444444444444,1.6224442650508322,3.567400256792702,Le
581,0.8425925925925926,0.901920438957476,1.8044444067221546,3.1391998043766733,0.7916666666666666,0.8819444444444444,1.622809621522527,3.566394050916035,i
582,0.8425925925925926,0.9019204389574759,1.8060374050495602,3.157976609689218,0.7916666666666666,0.8819444444444444,1.6270279611742162,3.5907424290974923,Ġum
583,0.8333333333333334,0.9032921810699589,1.8129111293226117,3.1811922391255685,0.7708333333333334,0.8819444444444444,1.6354516581717295,3.6029477914174386,Ġcookies
584,0.8518518518518519,0.9032921810699588,1.8150414020970491,3.1940976248847086,0.7708333333333334,0.8836805555555556,1.6367294996835442,3.6127967039744036,Ġum
585,0.8518518518518519,0.9032921810699589,1.8172198620601396,3.208345413208008,0.7708333333333334,0.8819444444444444,1.638714684431881,3.621086835861206,Ġyeah
586,0.8518518518518519,0.9036351165980796,1.8201157491304358,3.2141871452331543,0.7916666666666666,0.8836805555555556,1.637838971819025,3.6201779047648124,Ġokay
587,0.8518518518518519,0.9029492455418382,1.8241142492622167,3.2334946526421433,0.7916666666666666,0.8854166666666666,1.6362303063737154,3.634864648183189,Ġth
588,0.8518518518518519,0.904320987654321,1.8263237390977727,3.257950676812065,0.7916666666666666,0.8836805555555556,1.6395455978894844,3.6587459246317557,Ġmother
589,0.8518518518518519,0.9050068587105624,1.8291558222156237,3.284517959312158,0.7916666666666666,0.8854166666666666,1.6461952888870692,3.6949257850646973,Ġstanding
590,0.8611111111111112,0.9056927297668038,1.8351382258507085,3.300409652568675,0.7916666666666666,0.8888888888888888,1.647570564531706,3.710563898086548,Ġwater
591,0.8703703703703703,0.9077503429355283,1.8414296341752827,3.3163810129518865,0.7916666666666666,0.8888888888888888,1.6490657054606739,3.7237004439036063,Ġgetting
592,0.8796296296296297,0.9077503429355281,1.8483345132097209,3.3295949829949265,0.7916666666666666,0.8871527777777777,1.6506990913004869,3.7340725262959786,Ġwet
593,0.8796296296296297,0.9074074074074074,1.8523386716895132,3.349748805717187,0.7916666666666666,0.8888888888888888,1.65096736409214,3.752948125203453,Ġseems
594,0.8796296296296297,0.9077503429355281,1.8542963059842323,3.3603752277515575,0.7916666666666666,0.8888888888888888,1.6532787741072026,3.7680816650390625,Ġimportant
595,0.8796296296296297,0.9084362139917694,1.8575182629803888,3.376447889539932,0.7916666666666666,0.8854166666666667,1.6587699704672494,3.783157269159954,Ġum
596,0.8796296296296297,0.9084362139917695,1.8592267443247688,3.3944388848763936,0.7916666666666666,0.8888888888888888,1.663157626603714,3.810391823450722,Ġfine
597,0.8796296296296297,0.9084362139917694,1.8619046627596132,3.416070620218914,0.7916666666666666,0.8871527777777777,1.6645349196669832,3.833643277486164,Ġconclusion
